block,avg_txs,avg_pow_txs,avg_pos_txs,avg_fpos_txs,avg_pow_difficulty,avg_pos_difficulty,avg_fpos_difficulty
1000,1.008,1.0050150451354063,2.0,0,0.03488186501504513,2.4e-07,0
2000,1.003,1.0,1.0198675496688743,1.0,0.03176526601941748,0.0004645867549668873,7.048e-07
3000,1.0,1.0,1.0,1.0,0.03561121282051284,0.00010998244680851067,3.171875e-07
4000,1.002,1.002967359050445,1.0,1.0,0.045349234510385764,0.00030955333333333333,3.296294117647059e-05
5000,1.003,1.005008347245409,1.0,1.0,0.03576106472454089,0.004169643554216868,0.000763488382978723
6000,1.001,1.0,1.0055248618784531,1.0,0.03244119121913578,0.008487806961325969,0.0014211440935672508
7000,1.0,1.0,1.0,1.0,0.05135786173913045,0.011633865508982027,0.0020733083962264144
8000,1.0,1.0,1.0,1.0,0.0664518913029827,0.01268297327380953,0.0016251243076923084
9000,1.01,1.0108695652173914,1.0193548387096774,1.0,0.06543699535714285,0.01248745219354839,0.0020170674626865666
10000,1.002,1.0032362459546926,1.0,1.0,0.06371033092233008,0.012844028242424239,0.0019198279723502297
11000,1.0,1.0,1.0,1.0,0.06733482187692308,0.014295153275862072,0.001982777897727272
12000,1.0,1.0,1.0,1.0,0.062233976714743656,0.013608603701298702,0.0021312058108108115
13000,1.0,1.0,1.0,1.0,0.056553508564742554,0.01416934576086957,0.0019009655999999997
14000,1.003,1.004823151125402,1.0,1.0,0.05993312660771704,0.013249805389610386,0.0020126410267857155
15000,1.001,1.0,1.0,1.0046082949308757,0.05793838296296296,0.0126947824074074,0.0020300652073732724
16000,1.002,1.0,1.0129870129870129,1.0,0.05014447391373809,0.01306495922077922,0.0019759717727272715
17000,1.015,1.0105421686746987,1.0342857142857143,1.0124223602484472,0.09545185027108431,0.01189582857142857,0.0017122931677018634
18000,1.016,1.0084175084175084,1.023391812865497,1.0297872340425531,0.06572879535353535,0.05742768766081874,0.012533605106382977
19000,1.013,1.0123456790123457,1.0173410404624277,1.011173184357542,0.3009075747839509,0.15916251907514448,0.020640786592178762
20000,1.017,1.0180623973727423,1.0171428571428571,1.0138888888888888,0.25055545088669934,0.30217375868571433,0.04692388731481483
21000,1.016,1.011437908496732,1.04,1.0093896713615023,0.25354588439542497,0.5000198969142855,0.0691952371830986
22000,1.014,1.0158982511923689,1.0166666666666666,1.0052356020942408,0.3056946858187597,0.6233955475000005,0.09205019424083774
23000,1.007,1.0102739726027397,1.0064102564102564,1.0,0.3598170975342469,0.813557744807692,0.13755709919230763
24000,1.019,1.0164473684210527,1.0506329113924051,1.0042735042735043,0.4552280014967103,1.4386346713924054,0.19887182551282048
25000,1.127,1.115873015873016,1.2090395480225988,1.0880829015544042,19.538729913476217,1.5800721666101698,0.2659260765284974
26000,1.169,1.1546052631578947,1.2839506172839505,1.126086956521739,30.191959918190765,2.046102692901234,0.304601978478261
27000,1.192,1.1981981981981982,1.2590673575129534,1.070921985815603,34.825935230690675,1.9261126123316061,0.35277666744680847
28000,1.109,1.0878504672897196,1.2473118279569892,1.0573476702508962,22.035489882280366,2.673792278870967,0.4193653557706092
29000,1.082,1.0580204778156996,1.168421052631579,1.0714285714285714,19.708744661808886,3.035629674736843,0.4538087383482143
30000,1.109,1.1139896373056994,1.1705882352941177,1.0557768924302788,18.82894016620034,3.4008029293529396,0.5995879914342633
31000,1.125,1.0636704119850187,1.3018867924528301,1.1062992125984252,19.020098709119868,3.6530148433018894,0.5501908476771651
32000,1.092,1.048582995951417,1.2926829268292683,1.026578073089701,18.21115273089068,4.783064770634143,0.6648043716611294
33000,1.073,1.0254777070063694,1.1536050156739812,1.0435967302452316,9.870799070477707,5.20769148087774,0.6513891086103543
34000,1.049,1.0238095238095237,1.1176470588235294,1.0171102661596958,10.59447459232143,5.685705642287584,0.6979917303612163
35000,1.051,1.0466786355475763,1.115606936416185,1.0185185185185186,17.223069781292654,7.549715793988438,0.9624653119259263
36000,1.123,1.11284046692607,1.2009345794392523,1.0808823529411764,43.53668440433857,7.527883437149534,1.049226983235294
37000,1.097,1.097872340425532,1.15,1.0517241379310345,17.2352200506383,7.991321984583329,1.2002352759655177
38000,1.022,1.021015761821366,1.0483870967741935,1.0041152263374487,28.179611297898433,8.974103201612904,1.3595246986831282
39000,1.108,1.088235294117647,1.2317073170731707,1.073643410852713,44.18850705544984,8.355296277621955,1.1360994264728677
40000,1.203,1.2019704433497538,1.3109756097560976,1.1277533039647578,122.0105886614122,9.529761542743904,1.4427985791189424
41000,1.199,1.1693037974683544,1.3756613756613756,1.1173184357541899,169.41212891272147,9.237849278571428,1.722962749050279
42000,1.12,1.0934256055363323,1.2402597402597402,1.1082089552238805,59.72862704418683,12.24631092422078,1.376964734589552
43000,1.118,1.1186708860759493,1.1807909604519775,1.057591623036649,86.8568386078322,10.145575718022599,1.4785561489005237
44000,1.135,1.0974264705882353,1.2950819672131149,1.1025641025641026,95.93249121571694,7.983810048360657,1.0989403015018324
45000,1.149,1.0940499040307101,1.443298969072165,1.0491228070175438,75.31687427733212,11.054772772216499,1.4609633216140356
46000,1.212,1.1798679867986799,1.4772727272727273,1.0871559633027523,104.19390306089109,7.338342917954545,1.2348738136697246
47000,1.288,1.2854757929883138,1.4593023255813953,1.165938864628821,100.78483646060097,12.013534476220922,1.4899910729694317
48000,1.202,1.2003205128205128,1.284848484848485,1.1421800947867298,93.08521434966345,10.669995048424248,1.8027577428909962
49000,1.212,1.2138939670932358,1.3517587939698492,1.0984251968503937,40.93533898385738,12.215243761356785,2.0515648535826765
50000,1.221,1.2267343485617597,1.353932584269663,1.103896103896104,19.382198105955986,16.464396207808985,2.02018054926407
51000,1.202,1.2059282371294853,1.2484848484848485,1.1494845360824741,14.339711171154443,14.384503419393944,1.9897149856185559
52000,1.128,1.109271523178808,1.2608695652173914,1.0851063829787233,65.37019375759932,16.725621029316773,2.585913424765957
53000,1.148,1.1532125205930808,1.2597402597402598,1.0627615062761506,17.24963444624382,18.659041988311685,2.5714702845188264
54000,1.129,1.1189710610932475,1.2240437158469946,1.0717948717948718,30.351855501093272,18.814500948743166,2.878261034102565
55000,1.301,1.2765957446808511,1.5240963855421688,1.201793721973094,23.451781397348583,21.524014228795178,3.9534708658744386
56000,1.349,1.3626198083067094,1.5227272727272727,1.1515151515151516,58.942051483610236,21.54332652238636,3.0986604234848474
57000,1.354,1.3710482529118135,1.6496815286624205,1.1198347107438016,54.863023328019956,25.264369259872602,3.1019640615289275
58000,1.215,1.1937007874015748,1.39010989010989,1.1147540983606556,67.38801180555903,24.459668017417584,2.9717459169398905
59000,1.24,1.2319327731092438,1.3856209150326797,1.1706349206349207,44.203240574033586,22.532899991241827,3.1669177616666673
60000,1.194,1.1590551181102362,1.3389830508474576,1.175531914893617,36.54796191937005,27.365333121807915,3.2851440231914903
61000,1.195,1.1742808798646363,1.3885350318471337,1.123015873015873,50.47008432675121,30.481427283184715,3.954759607976188
62000,1.14,1.1456953642384107,1.2236842105263157,1.0737704918032787,74.48216845021524,31.754406810000003,4.89873423192623
63000,1.16,1.1408668730650156,1.2647058823529411,1.1304347826086956,104.28750118487619,36.174772161235296,4.580465166521742
64000,1.134,1.1366666666666667,1.2371794871794872,1.0614754098360655,98.9039699108,33.08034711307694,3.9186570200409827
65000,1.147,1.1205007824726134,1.2386363636363635,1.1513513513513514,100.36623406909231,34.31943061965907,5.199951555405408
66000,1.124,1.1085526315789473,1.2756410256410255,1.0635593220338984,89.522750553602,33.69942261038461,4.969180486991526
67000,1.183,1.1527777777777777,1.3736263736263736,1.0941176470588236,105.43473212518516,32.64695136126373,5.070099051823527
68000,1.145,1.1440397350993377,1.230263157894737,1.0942622950819672,82.76059867551332,36.047919253026315,5.572149239180326
69000,1.164,1.165891472868217,1.2339181286549707,1.0923913043478262,120.1058294955193,34.58508323467838,5.267819013804345
70000,1.193,1.1722972972972974,1.3866666666666667,1.127906976744186,124.96900256530404,40.03287676846667,5.690960570155038
71000,1.154,1.1487603305785123,1.286624203821656,1.0798319327731092,163.49474682214873,35.38661921528665,6.530697237773108
72000,1.16,1.1458333333333333,1.2681564245810055,1.1065989847715736,145.72268763770853,41.99461332508379,5.315370268984775
73000,1.162,1.1435562805872757,1.2883435582822085,1.1205357142857142,164.0898776195596,42.93686653496932,6.9971080381696416
74000,1.174,1.1701112877583466,1.281437125748503,1.0980392156862746,131.95096357116054,44.0221819024551,5.95974243460784
75000,1.11,1.098639455782313,1.1761658031088082,1.082191780821918,121.47701680872463,43.893183741606215,6.034226351232873
76000,1.146,1.1294117647058823,1.2129032258064516,1.144,151.67344119964702,54.50874345161291,6.677561196879999
77000,1.185,1.2031496062992126,1.2294117647058824,1.087179487179487,187.55648792289784,57.420592895529445,5.828221894871794
78000,1.263,1.2466666666666666,1.3647798742138364,1.2365145228215768,201.95117084661658,46.201402766603756,7.159233250912863
79000,1.22,1.2281879194630871,1.3116883116883118,1.144,230.96112511845647,47.725452160519474,6.641715666680001
80000,1.216,1.1819620253164558,1.3858695652173914,1.1630434782608696,207.35376661384478,58.25394650293477,7.296637394673914
81000,1.243,1.233788395904437,1.4276315789473684,1.1564885496183206,212.9795632170478,51.11562551249999,7.7060245783587815
82000,1.255,1.2549342105263157,1.3255813953488371,1.2,195.4148554829277,59.75571159802327,6.239645877454549
83000,1.188,1.187604690117253,1.3109756097560976,1.104602510460251,168.4070836462145,57.438255802987754,7.111253334895397
84000,1.203,1.1954765751211631,1.2439024390243902,1.1935483870967742,200.98377865714065,69.85249761292681,8.652981379170507
85000,1.218,1.2132471728594507,1.2857142857142858,1.174757281553398,176.4655538739257,60.04107369159999,8.058928150922327
86000,1.173,1.1845140032948929,1.2767295597484276,1.0726495726495726,188.42388927261936,54.44596648610062,8.067140591025643
87000,1.165,1.136602451838879,1.34375,1.1189591078066914,172.16027223714548,57.6134317994375,7.850558273011158
88000,1.148,1.1401273885350318,1.2486187845303867,1.0785340314136125,163.04264476522286,64.29007145607738,9.803809063141365
89000,1.16,1.143835616438356,1.3037974683544304,1.1085271317829457,189.028967381387,58.66418707645568,8.333633995813955
90000,1.169,1.185483870967742,1.223529411764706,1.0761904761904761,189.283731574113,71.76453179388236,8.22613700161905
91000,1.138,1.1391752577319587,1.1635220125786163,1.1196911196911197,184.73274313865954,63.58558817157228,8.493018788262543
92000,1.294,1.2664526484751204,1.516304347826087,1.1709844559585492,217.52284895905316,58.6233201759783,9.184618500829014
93000,1.426,1.320921985815603,1.9081081081081082,1.3067729083665338,218.03261708312058,62.829878542324295,8.50467006573706
94000,1.327,1.2332089552238805,1.7058823529411764,1.2230769230769232,224.3753412613621,45.347669152303915,7.103554503038459
95000,1.239,1.2132616487455197,1.4806629834254144,1.1264367816091954,207.49977117727602,59.94239976276244,8.262723437279698
96000,1.204,1.1469026548672567,1.4666666666666666,1.125,208.8450743515575,55.586588835076924,7.346645200416668
97000,1.17,1.14721723518851,1.3372093023255813,1.1107011070110702,199.50862364436276,70.08437985255814,6.7694993719926195
98000,1.169,1.111531190926276,1.4020100502512562,1.1102941176470589,202.0426216847636,72.71513870572866,8.338340195257347
99000,1.133,1.123076923076923,1.2651933701657458,1.0555555555555556,187.0377507052307,61.66220575458564,7.392682582905983
100000,1.128,1.1355060034305318,1.167741935483871,1.0877862595419847,191.12930000054894,65.78522708677421,7.837550362862599
101000,1.237,1.1728187919463087,1.6333333333333333,1.0892857142857142,198.5330324128691,50.25874655677775,8.057503101428575
102000,1.13,1.108433734939759,1.2781065088757397,1.08,204.77190865815825,58.09900311455621,9.211245456319993
103000,1.1,1.076782449725777,1.255813953488372,1.0498220640569396,156.37588666809884,60.537716383546496,7.614814572740219
104000,1.143,1.1051693404634582,1.3293413173652695,1.1066176470588236,156.6436707911765,67.38184132269464,7.405444684375001
105000,1.204,1.1121856866537718,1.5275229357798166,1.1169811320754717,166.68845826764044,62.22497398201835,10.002353895811318
106000,1.199,1.1518324607329844,1.4745762711864407,1.112,177.04268301834225,64.5603879552542,9.103199439800008
107000,1.318,1.203883495145631,1.6926829268292682,1.2535714285714286,143.3385834140001,66.82193208565853,10.054786406535715
108000,1.319,1.2337917485265226,1.7121212121212122,1.2013651877133107,93.73480319715124,71.88657396954545,11.912187799385675
109000,1.307,1.1795332136445242,1.6546391752577319,1.321285140562249,121.93889094757624,93.08328925422673,10.796441880160645
110000,1.145,1.1072664359861593,1.3016759776536313,1.1193415637860082,145.80088315214545,73.15557093284916,9.776035971111114
111000,1.238,1.2294022617124394,1.384180790960452,1.1372549019607843,142.14293262726977,76.03029835864409,9.880827951274497
112000,1.164,1.1506129597197898,1.3095238095238095,1.0996168582375478,203.15588686963216,61.369447557202406,8.082767568275864
113000,1.236,1.1471103327495622,1.5898876404494382,1.1872509960159363,183.94367845150603,61.374178611853964,9.2827247223506
114000,1.248,1.13671875,1.5905172413793103,1.16015625,178.47068320140636,65.88891410362065,7.574891649140625
115000,1.283,1.2244897959183674,1.5515463917525774,1.205992509363296,153.1021476895547,68.53431200469073,9.694765787078651
116000,1.371,1.2028397565922921,1.9844559585492227,1.2579617834394905,158.0727813635496,73.91639372388605,9.70860946070064
117000,1.317,1.1908127208480566,1.780104712041885,1.2469135802469136,157.77557622551237,68.14815860565446,9.796630209094653
118000,1.294,1.1484230055658626,1.7355769230769231,1.2411067193675889,159.9985202860298,62.28702834932692,8.798538443833992
119000,1.282,1.185512367491166,1.6432748538011697,1.2547528517110267,150.03418341833927,70.70091608152046,8.761286167414443
120000,1.254,1.152212389380531,1.615819209039548,1.2286821705426356,167.3990614647611,65.41533316022601,9.832723031085266
121000,1.229,1.1524500907441015,1.5416666666666667,1.1595330739299612,177.49343561954635,66.2555774541667,10.346776576303503
122000,1.319,1.2145390070921986,1.8134715025906736,1.168724279835391,147.21981007393626,64.49667811248705,9.23850808246914
123000,1.285,1.1692607003891051,1.6497695852534562,1.211895910780669,123.70633774015569,75.26506374428574,10.54267657449815
124000,1.292,1.170556552962298,1.5263157894736843,1.383399209486166,115.43030977543988,71.40441598452628,10.786397400513822
125000,1.332,1.1722846441947565,1.7962085308056872,1.2823529411764707,103.04872755018725,73.09932653758294,8.892018731999997
126000,1.275,1.113978494623656,1.7177033492822966,1.2208588957055215,87.63530171896775,85.62826187775123,10.827969590245399
127000,1.286,1.1327272727272728,1.7538461538461538,1.2588235294117647,107.80289387683634,85.04478209071794,12.126702620313726
128000,1.193,1.0827205882352942,1.5243243243243243,1.188191881918819,97.49957943022044,69.09613970805405,9.677718203874543
129000,1.176,1.1072727272727272,1.4210526315789473,1.1423076923076922,112.2806799361273,76.5038294456842,9.623386610384605
130000,1.26,1.2285714285714286,1.3780487804878048,1.2572614107883817,117.75516240250414,71.79234476945123,10.68436592817427
131000,1.345,1.2533557046979866,1.7459459459459459,1.2557077625570776,93.01748093994962,70.79860226659463,9.636258096438363
132000,1.324,1.1867145421903051,1.7835051546391754,1.2730923694779117,85.02968624816883,71.38678974881442,11.093702026064257
133000,1.294,1.1890459363957597,1.6420454545454546,1.2868217054263567,82.1807026962544,81.27322068852273,9.686620077403102
134000,1.3,1.1893382352941178,1.5904255319148937,1.3208955223880596,66.8727771935111,84.39803238047872,13.310534403097021
135000,1.27,1.1084598698481563,1.624413145539906,1.2668711656441718,74.83421581657272,72.95458371887321,10.430759286349694
136000,1.156,1.0679824561403508,1.3966244725738397,1.1009771986970684,76.96334337842106,89.65205593059069,11.56609925957654
137000,1.217,1.0895140664961638,1.4823008849557522,1.1906005221932114,71.44562544703324,93.05282520092923,11.746430496396881
138000,1.259,1.167857142857143,1.5357142857142858,1.2459016393442623,93.12766264191075,91.26338340714288,12.791205618934418
139000,1.296,1.171003717472119,1.6224489795918366,1.3082706766917294,93.97481650230493,95.60945263561226,12.31871139657895
140000,1.246,1.1333333333333333,1.5321100917431192,1.2229965156794425,90.68086810232325,110.05009669798164,11.608054018188145
141000,1.239,1.1298932384341638,1.5469613259668509,1.2607003891050583,119.43024647854101,80.89114468983432,12.336500160428013
142000,1.33,1.1947826086956521,1.7164948453608246,1.341991341991342,128.9521708711129,99.55389872804123,12.793431194242421
143000,1.261,1.1402214022140222,1.592964824120603,1.2586872586872586,127.78657412575646,89.90233985653265,14.766818232046315
144000,1.257,1.1578947368421053,1.6378378378378378,1.196969696969697,130.38391971745912,86.85972317929732,14.257993840871208
145000,1.202,1.1175298804780875,1.368,1.2056451612903225,115.13081448324687,83.27998791380003,13.390765543709673
146000,1.281,1.150375939849624,1.6596858638743455,1.2707581227436824,143.64544576432317,114.77113410429324,14.25601222779783
147000,1.191,1.1377633711507293,1.3681318681318682,1.1940298507462686,131.3122597748622,114.68859499401096,14.655252091691544
148000,1.278,1.203971119133574,1.6046511627906976,1.2226277372262773,115.78573670653428,119.06516074197678,14.785669418649636
149000,1.276,1.1472602739726028,1.7225130890052356,1.231111111111111,120.90444876219179,132.4475676489005,17.360819243155543
150000,1.275,1.172945205479452,1.5494505494505495,1.3162393162393162,142.82165018780807,117.4538331995055,15.111437130512824
151000,1.329,1.2144112478031635,1.7572254335260116,1.2945736434108528,156.3244476806504,114.54389784213866,14.670626367480613
152000,1.322,1.1791590493601463,1.7236180904522613,1.31496062992126,162.2736344074405,97.05866461567841,15.561707955984243
153000,1.324,1.2544,1.5481927710843373,1.354066985645933,160.83599188729593,114.03070051704817,15.750428783827745
154000,1.341,1.2165820642978002,1.744186046511628,1.358649789029536,147.94862647847702,122.74303167273256,15.818420336455706
155000,1.27,1.1903973509933774,1.5847953216374269,1.2444444444444445,187.71199558850998,93.30534376274855,13.691974824977788
156000,1.257,1.1518987341772151,1.620879120879121,1.2264150943396226,155.85338275253184,116.28090943032963,17.763441945962278
157000,1.242,1.1317157712305026,1.6540880503144655,1.2348484848484849,171.1201505742635,111.11798887031448,16.508823322878794
158000,1.281,1.189710610932476,1.5780346820809248,1.3073170731707318,165.36580046012872,115.83477628780352,15.414650337804876
159000,1.231,1.1350877192982456,1.517766497461929,1.2231759656652361,149.748137744298,102.13681087868021,19.192115347682407
160000,1.24,1.132969034608379,1.5132275132275133,1.2671755725190839,163.93629178018216,116.1724433973016,15.145804276984727
161000,1.181,1.1190082644628099,1.381720430107527,1.1818181818181819,173.56113991963605,111.53927915376349,17.174485304593308
162000,1.207,1.1369863013698631,1.4523809523809523,1.2056451612903225,188.71787811046235,124.16059762958334,17.14425632048386
163000,1.378,1.2444444444444445,1.8793103448275863,1.3402489626556016,187.06388130880327,122.11536019166664,18.918992749336095
164000,1.237,1.1620745542949757,1.5333333333333334,1.2019704433497538,194.56966620855766,123.35482192761116,20.041772640098536
165000,1.249,1.1631944444444444,1.5307262569832403,1.2448979591836735,175.71930207230906,135.5875845323464,17.16836506016327
166000,1.259,1.183574879227053,1.5372340425531914,1.2303664921465969,172.84743961768106,107.42486097957445,15.984030636649221
167000,1.256,1.1802426343154246,1.4529411764705882,1.2964426877470356,130.6006691321316,127.9501859177647,17.02050671035573
168000,1.232,1.160344827586207,1.473053892215569,1.2371541501976284,150.35257120955194,124.8362076747305,15.764536588774696
169000,1.223,1.1847457627118645,1.4,1.1959183673469387,155.6400206075424,115.01161065763641,19.368515034204083
170000,1.262,1.1832191780821917,1.5372340425531914,1.236842105263158,165.03159601184927,112.05564440824463,18.28457810026315
171000,1.195,1.131175468483816,1.3770491803278688,1.2130434782608697,161.11755837085167,113.05149102054654,15.270726098695654
172000,1.202,1.1243432574430823,1.4761904761904763,1.1954022988505748,156.06775752735558,127.88500885779764,16.23721259858238
173000,1.214,1.1428571428571428,1.4456521739130435,1.2085106382978723,154.45561488640288,123.89944644152172,16.84106316059574
174000,1.202,1.135678391959799,1.4189944134078212,1.2053571428571428,158.0402319332328,108.45412612094977,16.611120747455352
175000,1.24,1.1298932384341638,1.488888888888889,1.306201550387597,165.32676001953732,124.2861254083334,20.47765837441862
176000,1.189,1.1370826010544814,1.377245508982036,1.1818181818181819,139.06695545100183,149.47238608556887,16.83948762037879
177000,1.225,1.1693290734824282,1.4350282485875707,1.2131979695431472,151.88193961873804,125.7375197467232,15.92837571614214
178000,1.203,1.1314878892733564,1.398876404494382,1.2295081967213115,180.9021102878199,116.48044446713475,17.31818647668033
179000,1.229,1.1592465753424657,1.4829545454545454,1.2125,173.72113482609603,135.84677795818183,19.01344701495833
180000,1.204,1.161137440758294,1.3407821229050279,1.2180851063829787,183.0097560662085,111.10949709374303,18.892209810957446
181000,1.21,1.1572649572649574,1.3571428571428572,1.2413793103448276,172.0845910061025,144.11228705694796,16.767006289999998
182000,1.369,1.2939189189189189,1.7151898734177216,1.328,246.28115617763515,119.23824008044305,18.0803013232
183000,1.28,1.2552166934189406,1.4301075268817205,1.2146596858638743,280.32865767391655,141.68090765096764,16.680362546858646
184000,1.286,1.180887372013652,1.5976331360946745,1.3224489795918368,287.3224183470139,128.92311367668643,18.945087964367335
185000,1.401,1.2427843803056027,1.9289617486338797,1.3859649122807018,352.6111181537182,125.42101938142082,17.825675497763175
186000,1.37,1.226890756302521,1.7803468208092486,1.4310344827586208,335.4079567509411,132.02860587439315,17.370975760431023
187000,1.405,1.2744755244755244,1.8493975903614457,1.4083969465648856,346.87576531690524,135.16572854415662,17.533526765687032
188000,1.548,1.3576158940397351,2.279187817258883,1.4020100502512562,471.8481899717878,120.6703332247208,15.792482016783913
189000,1.37,1.27008547008547,1.7349397590361446,1.3614457831325302,511.15154802755586,125.10325084759033,20.189006110522083
190000,1.264,1.2291666666666667,1.4431818181818181,1.215,540.8443534113615,132.5262715905681,17.332289764849996
191000,1.235,1.1855670103092784,1.4397590361445782,1.2142857142857142,492.08124273592773,138.6903769109036,19.964927246071436
192000,1.271,1.1816608996539792,1.6774193548387097,1.2284644194756553,480.74667044984443,145.85080356290314,19.654410023445678
193000,1.291,1.2495840266222962,1.4825581395348837,1.2555066079295154,470.04654115379344,146.9329648907558,20.806462408722492
194000,1.308,1.2404643449419568,1.6287425149700598,1.2521739130434784,432.0630100618084,144.25286233131737,17.544691340652175
195000,1.341,1.2504038772213246,1.5956284153005464,1.3888888888888888,433.69123675491153,119.77001647234975,19.67881946141415
196000,1.354,1.2596314907872697,1.8773006134969326,1.2333333333333334,448.506099808509,149.93607008822093,20.787535263833337
197000,1.345,1.297427652733119,1.542857142857143,1.3201970443349753,484.645874280273,129.6391316368571,18.493705231133
198000,1.357,1.3078231292517006,1.6219512195121952,1.2983870967741935,462.7290452710715,128.92849256512187,19.271849936491925
199000,1.302,1.2412140575079873,1.5384615384615385,1.2760416666666667,420.36799692731637,144.09057015532957,18.374528794947917
200000,1.193,1.1652323580034423,1.3694267515923566,1.1488549618320612,406.2356372363683,142.72588085681528,20.38689433137404
201000,1.242,1.1952054794520548,1.4605263157894737,1.2196969696969697,416.60569672109585,137.52010807032894,18.38796005481061
202000,1.162,1.1405750798722045,1.1955307262569832,1.2,293.8368588733704,139.3612408393296,20.877423217692307
203000,1.198,1.150337837837838,1.390728476821192,1.1945525291828794,373.6415691553039,154.21778646450332,21.0061749548249
204000,1.257,1.2006319115323856,1.4615384615384615,1.2486486486486486,418.97673963900513,139.59851750549456,19.613071617621625
205000,1.208,1.1993569131832797,1.2848101265822784,1.1772727272727272,380.4526042814628,156.41790901740507,22.40834937486363
206000,1.227,1.154351395730706,1.5086705202312138,1.2064220183486238,502.7994249789005,147.84444061832366,20.42438525266055
207000,1.218,1.1866666666666668,1.3426966292134832,1.2027027027027026,499.6563392070333,142.14360600758437,16.929871808063066
208000,1.246,1.170854271356784,1.5235294117647058,1.2360515021459229,502.7118117349075,140.88340205711768,17.922109436652363
209000,1.214,1.1533101045296168,1.4267515923566878,1.2193308550185873,552.2714237395822,152.65642479350328,22.407893149330842
210000,1.31,1.2422258592471358,1.5297619047619047,1.330316742081448,534.8830411258106,156.6312919761309,21.390979377647035
211000,1.273,1.242174629324547,1.382716049382716,1.277056277056277,554.70059049112,173.09647999166674,22.561156228008638
212000,1.244,1.1779527559055119,1.3804347826086956,1.3370165745856353,541.9928967997168,158.32140757309776,23.819108947790042
213000,1.294,1.266778523489933,1.3986928104575163,1.294820717131474,593.1631839367616,152.6155649696732,23.022671315617547
214000,1.323,1.2785602503912363,1.5245901639344261,1.2752808988764044,637.754768886901,163.35833838524584,24.429926196011237
215000,1.312,1.271186440677966,1.521472392638037,1.271255060728745,673.1721903344918,157.581257002822,23.609634011093128
216000,1.327,1.2805872756933117,1.470899470899471,1.3333333333333333,615.2558658075042,177.2454509792064,23.611385376919202
217000,1.249,1.2203389830508475,1.3856209150326797,1.2334630350194553,599.106426126915,165.88004292300647,22.828786154824897
218000,1.262,1.1962457337883958,1.528301886792453,1.2470588235294118,631.3549579151871,165.8164288187421,24.63130299278432
219000,1.316,1.2491525423728813,1.560693641618497,1.3037974683544304,628.736290743594,144.33602479104042,22.475412258438816
220000,1.33,1.2649434571890146,1.5433526011560694,1.3461538461538463,637.725677881599,155.24441242705203,22.794126469374987
221000,1.262,1.229641693811075,1.379746835443038,1.2675438596491229,626.2199752590226,167.5924492601899,23.28902853307017
222000,1.238,1.1806451612903226,1.4342857142857144,1.2439024390243902,608.996089396049,164.03652330417154,24.37069983760978
223000,1.251,1.2213247172859452,1.302325581395349,1.2966507177033493,604.2690755123265,151.23150130773251,19.7093313514354
224000,1.289,1.241554054054054,1.5095541401273886,1.2629482071713147,613.2563452532096,175.90554922452225,21.23077811988048
225000,1.304,1.2144,1.6167664670658684,1.3221153846153846,630.29333507304,155.50226966131743,21.157856464807693
226000,1.31,1.2852348993288591,1.4024390243902438,1.3083333333333333,570.6600714872822,144.30431482060973,24.81326131145834
227000,1.257,1.2290598290598291,1.3856209150326797,1.2442748091603053,571.5658873788208,173.55474572058833,22.26915450309159
228000,1.406,1.393312101910828,1.5423728813559323,1.323076923076923,580.796626125669,165.01960067932205,19.131528512153842
229000,1.352,1.3073005093378607,1.5389221556886228,1.3319672131147542,576.6189519300677,149.50031050910184,23.855046115041002
230000,1.308,1.2620481927710843,1.5248618784530388,1.2516129032258065,485.79041820496997,177.3636774334806,23.905485793806452
231000,1.281,1.2404643449419568,1.3733333333333333,1.3238866396761133,581.7049191070641,172.4161076914667,22.810185487246965
232000,1.272,1.2508196721311475,1.3636363636363635,1.2622222222222221,614.0466717461312,161.6394499543635,21.94230165444445
233000,1.237,1.2277867528271404,1.2849162011173185,1.2227722772277227,560.7225839651859,173.0898502360337,20.925159758811876
234000,1.263,1.2283849918433931,1.4375,1.2334801762114538,441.70768869225117,202.86118052837494,25.008653331806176
235000,1.243,1.2093023255813953,1.4064516129032258,1.2222222222222223,479.0982460385882,181.2108264545162,27.511655408765407
236000,1.242,1.2192429022082019,1.3224043715846994,1.2404371584699454,466.07839996140353,167.19118147978142,23.97121995338797
237000,1.285,1.275244299674267,1.4324324324324325,1.218487394957983,475.19058810149846,201.86669928148638,28.05062743487395
238000,1.293,1.2580645161290323,1.4186046511627908,1.2994350282485876,544.7167588317362,168.8701023376743,25.371546850338998
239000,1.292,1.2717041800643087,1.423529411764706,1.2451923076923077,636.8563372241802,178.43674987358827,27.373075344230763
240000,1.26,1.235483870967742,1.414012738853503,1.2197309417040358,551.1897044829838,167.58651098203822,23.469180032062777
241000,1.28,1.306477093206951,1.276470588235294,1.1979695431472082,516.0494523236341,167.19172996058842,27.39111955086296
242000,1.228,1.22,1.3172413793103448,1.196078431372549,522.786198531683,172.98669935041372,24.64314317368627
243000,1.249,1.1958266452648476,1.4177215189873418,1.278538812785388,495.9254850871908,187.885711148924,26.069712290593635
244000,1.218,1.2242225859247136,1.2516129032258065,1.1794871794871795,526.4801318207858,182.2490106088387,21.687409390982907
245000,1.267,1.2253521126760563,1.463855421686747,1.235897435897436,521.9118299847426,171.24066663849393,24.673735046102564
246000,1.23,1.2122641509433962,1.3235294117647058,1.2061855670103092,531.5936901835373,195.5580646477059,24.89480940561854
247000,1.275,1.255700325732899,1.3828571428571428,1.2417061611374407,606.6485764935015,169.6279274411428,27.939995418056874
248000,1.231,1.2278688524590164,1.2875816993464053,1.2025316455696202,613.9012744369014,205.07787329039218,27.690613778481016
249000,1.243,1.2157190635451505,1.4761904761904763,1.1725490196078432,544.0508935537122,224.33157729455786,26.714948824823534
250000,1.186,1.177115987460815,1.2369942196531791,1.1693121693121693,559.3435022949213,219.9985722724855,34.8534847684127
251000,1.28,1.2261538461538461,1.5121951219512195,1.2634408602150538,513.7414741420152,201.8877318077439,30.545714495430108
252000,1.311,1.2928802588996764,1.4322580645161291,1.277533039647577,542.125882388576,201.81546524754856,28.184846303039635
253000,1.28,1.2299212598425198,1.4935064935064934,1.2748815165876777,561.7723220956378,237.05686204461026,26.110821451090043
254000,1.28,1.2534992223950234,1.3595505617977528,1.2960893854748603,629.8169522431267,182.68075137696633,26.3754420126257
255000,1.249,1.2475083056478404,1.25,1.2520325203252032,597.5458355826407,198.36629415815796,24.601891465000012
256000,1.333,1.2792642140468227,1.4834437086092715,1.3705179282868525,561.5802958255182,197.45872066953638,27.92717624446213
257000,1.324,1.3244094488188976,1.407185628742515,1.2525252525252526,525.8874623715435,188.71512105628742,24.300916721515144
258000,1.276,1.2540192926045015,1.3575757575757577,1.2769953051643192,504.073764668617,206.1850124040001,29.904646554319225
259000,1.277,1.2288,1.4770114942528736,1.2537313432835822,554.5107587522883,202.69374134643687,32.64453098099502
260000,1.281,1.2291993720565149,1.5654761904761905,1.205128205128205,551.025521128069,197.09182980446425,28.33845239071796
261000,1.3,1.2654424040066778,1.5157232704402517,1.243801652892562,766.5330901520205,221.94924470993723,24.7169566718182
262000,1.226,1.224755700325733,1.3431952662721893,1.1382488479262673,992.2202521844468,245.19819063053237,28.508971987741948
263000,1.256,1.2461799660441426,1.385185185185185,1.213768115942029,634.6084515217317,273.5541818815555,23.008283994456495
264000,1.342,1.2934426229508196,1.5696969696969696,1.3066666666666666,609.0908830377053,208.72974547327274,24.975417371022218
265000,1.343,1.2763819095477387,1.65359477124183,1.312,621.9189398756276,196.88036653790851,24.4533369452
266000,1.305,1.3018867924528301,1.3546511627906976,1.2708333333333333,615.7787276335375,217.7242001594187,27.472109825520832
267000,1.276,1.234248788368336,1.4588235294117646,1.2511848341232228,617.2185373009852,177.69394935376482,25.8882487399526
268000,1.229,1.205298013245033,1.3421052631578947,1.2172131147540983,717.3173747069035,192.38135816039468,28.34232586659835
269000,1.212,1.207667731629393,1.2598870056497176,1.1827411167512691,736.6771246933237,154.39223468564964,23.34068839106599
270000,1.234,1.2329749103942653,1.3834586466165413,1.1715210355987056,615.258455973835,183.11065292819546,21.354526926925548
271000,1.278,1.2743055555555556,1.3703703703703705,1.2127659574468086,641.5294756161808,151.43887132592587,22.692008132978756
272000,1.199,1.1822580645161291,1.2802547770700636,1.188340807174888,631.290225261741,205.30538598713375,23.772047407757853
273000,1.225,1.2163934426229508,1.284848484848485,1.2044444444444444,611.9306160962617,191.28061898884846,25.583962815066673
274000,1.294,1.3056,1.3021978021978022,1.2487046632124352,542.1963136514875,185.73274227456034,25.872394120777187
275000,1.251,1.2344013490725128,1.3223684210526316,1.2470588235294118,587.5913062425807,209.9296072073684,28.320820018588226
276000,1.249,1.216848673946958,1.3703703703703705,1.2538071065989849,633.0166646716839,193.90883542827166,25.94163219355328
277000,1.253,1.2237061769616027,1.2972972972972974,1.2964426877470356,618.3336802888143,162.53777620033785,27.11302669509881
278000,1.299,1.2755775577557755,1.4968152866242037,1.2278481012658229,629.2497443199505,190.58878725605095,22.089328359746844
279000,1.305,1.2549019607843137,1.5,1.2954545454545454,609.9455985388232,171.82074756125007,25.24064686786363
280000,1.317,1.2879256965944272,1.423529411764706,1.3206521739130435,703.4876739189632,202.30027587870586,26.52053433793479
281000,1.319,1.2824302134646963,1.5256410256410255,1.2765957446808511,674.727680677422,200.72583161243577,25.229171095276595
282000,1.296,1.2660406885759,1.3885350318471337,1.3186274509803921,618.7704756865573,181.07176149375798,28.764452356470603
283000,1.29,1.2335526315789473,1.541899441340782,1.2394366197183098,604.0149773448517,194.40013526055876,23.754229452535203
284000,1.306,1.2885245901639344,1.4533333333333334,1.2583333333333333,599.3440752698525,192.80029991800012,27.36448454991667
285000,1.317,1.318407960199005,1.4679487179487178,1.2157676348547717,618.0311567945603,196.4871899700641,29.80003914958509
286000,1.403,1.3987635239567233,1.49079754601227,1.3421052631578947,643.0197492442504,216.15249844368083,28.482833657052623
287000,1.412,1.3929712460063899,1.5568862275449102,1.3526570048309179,626.8878368182745,207.73510942652703,26.275897934251198
288000,1.404,1.42833607907743,1.4342105263157894,1.3236514522821576,590.9386824545637,203.38733227776308,27.11640704551868
289000,1.312,1.3067292644757433,1.3238636363636365,1.318918918918919,692.5317649815964,217.39426050573863,32.42022606918919
290000,1.373,1.3456,1.460122699386503,1.3867924528301887,702.4271081664483,222.60076180478526,32.53182823863208
291000,1.34,1.3043478260869565,1.475,1.3424657534246576,688.2824266522053,250.19538671287495,32.47860945844751
292000,1.334,1.282392026578073,1.570469798657718,1.3172690763052208,717.1143926662444,209.2644308508054,33.022324085662675
293000,1.449,1.3996865203761755,1.7209302325581395,1.368421052631579,790.7010163742632,226.89973904465126,36.6803664624737
294000,1.433,1.3650793650793651,1.64375,1.4761904761904763,731.6431553184609,199.9985716384374,29.93250544761902
295000,1.358,1.3436482084690553,1.4936708860759493,1.3026315789473684,697.3470210711071,169.34299188329106,31.368847626052624
296000,1.364,1.299524564183835,1.5987654320987654,1.3768115942028984,760.8122433804756,230.96357495648152,28.805327319227064
297000,1.363,1.3526717557251908,1.6026490066225165,1.211340206185567,1116.2625000727937,197.41303166178807,25.39769800113402
298000,1.377,1.3804713804713804,1.5140845070422535,1.2954545454545454,1063.3703661719853,197.70161202528172,26.438383295075756
299000,1.389,1.3620414673046253,1.5392670157068062,1.3241758241758241,861.6574979319943,178.48053390958114,28.257900680824196
300000,1.443,1.3776683087027914,1.6878980891719746,1.4487179487179487,949.5561396000983,199.9066022215923,28.85004222145299
301000,1.44,1.403125,1.735483870967742,1.3317073170731708,854.9770050712502,214.40176532729035,28.14154872517073
302000,1.363,1.3198198198198199,1.5506329113924051,1.3579545454545454,803.6245318042945,206.8062498898101,32.10077388494317
303000,1.38,1.3409785932721712,1.4787878787878788,1.430939226519337,767.7161711151991,224.48267467460613,33.09845970325967
304000,1.36,1.3193548387096774,1.5076923076923077,1.384,653.3409875645317,223.13743420623075,31.677240222640012
305000,1.377,1.3333333333333333,1.5849056603773586,1.3526315789473684,623.8370806649003,194.28587293421384,32.97748068973685
306000,1.389,1.3568075117370892,1.5731707317073171,1.3401015228426396,639.3655616782941,208.18540108152445,24.63136348720814
307000,1.34,1.3047001620745542,1.5364238410596027,1.3060344827586208,697.6341030508103,230.1331024682781,33.423281550517224
308000,1.414,1.3877551020408163,1.4506172839506173,1.4676616915422886,694.8209882983358,212.66984905821,36.47951565771145
309000,1.418,1.3898305084745763,1.6624203821656052,1.3144329896907216,702.3440793338674,233.27260522707007,34.35672824618557
310000,1.401,1.344884488448845,1.6283783783783783,1.4024390243902438,836.6372150087958,167.76787454331082,34.66714263361791
311000,1.452,1.4328125,1.5604395604395604,1.4101123595505618,887.4126023750468,207.1011539052197,33.511025263202235
312000,1.595,1.5584615384615386,1.8562874251497006,1.4863387978142077,874.0194440838462,203.9679716782635,28.314607328852453
313000,1.628,1.6288819875776397,1.8011695906432748,1.4648648648648648,782.3635883278262,211.16006705374258,27.71130046805403
314000,1.643,1.615264797507788,1.8389261744966443,1.5885167464114833,1068.1432726061835,204.0475988220134,26.229256732535898
315000,1.618,1.6116207951070336,1.9603174603174602,1.440909090909091,1098.9941704448324,214.450518885238,32.77646368863636
316000,1.364,1.2210884353741496,1.7793696275071633,1.0756302521008403,317.3812714960883,13.602616868939828,1.5874799612324928
317000,1.188,1.0368589743589745,1.8928571428571428,1.0721153846153846,679.0075310736861,69.27290884059524,9.763385897211538
318000,1.111,1.0972886762360448,1.1428571428571428,1.1268292682926828,680.3162627495377,96.6072144859524,14.416119269756098
319000,1.115,1.10625,1.0988372093023255,1.1595744680851063,732.020626354797,98.66369949994181,15.051665506755326
320000,1.106,1.0907617504051863,1.1069182389937107,1.1473214285714286,713.6226081364182,87.67245963622644,15.544573734598226
321000,1.142,1.12326656394453,1.223529411764706,1.132596685082873,1190.2932063528497,89.79773451076464,15.4825158722652
322000,1.229,1.1691542288557213,1.4846625766871167,1.205128205128205,1243.9339048045445,120.84509196478523,19.82487212440172
323000,1.215,1.1677524429967427,1.412121212121212,1.1990950226244343,1273.8898138774607,167.33478365951515,20.205942937420822
324000,1.22,1.2210031347962382,1.2294117647058824,1.2083333333333333,1256.117986395407,161.8731953158824,23.206311110781247
325000,1.223,1.1899159663865546,1.3736263736263736,1.188340807174888,1314.8987227041346,157.65368296763742,21.428548448206275
326000,1.196,1.181967213114754,1.2965116279069768,1.1559633027522935,1348.9279370668041,143.9491338838373,25.901867255871565
327000,1.184,1.1663974151857834,1.280701754385965,1.1571428571428573,1490.1153498928936,145.83873243964905,27.24158560595237
328000,1.225,1.19376026272578,1.3780487804878048,1.198237885462555,1486.5298922062877,169.45138497042686,26.298769653656382
329000,1.292,1.2613636363636365,1.485207100591716,1.2279069767441861,1405.5511135580525,156.64944136656803,27.083616787395332
330000,1.287,1.2437888198757765,1.4245810055865922,1.305084745762712,1560.1492267582435,197.32492585955305,27.707408919152563
331000,1.365,1.3192868719611022,1.5266272189349113,1.3691588785046729,1888.441387429449,168.5139769940829,25.464598562383152
332000,1.358,1.3068181818181819,1.5542168674698795,1.353211009174312,2281.624722279824,168.0870603828314,28.999899608853205
333000,1.396,1.2647527910685805,1.7633136094674555,1.4950980392156863,2171.252615385121,169.94178830218937,23.08998189289217
334000,1.35,1.287781350482315,1.5326086956521738,1.3762886597938144,2259.539026204921,165.59825339695652,26.081355213814426
335000,1.378,1.270181219110379,1.7964071856287425,1.3584070796460177,1792.1669717752732,157.66107085107788,24.547285856814153
336000,1.341,1.3290322580645162,1.4023668639053255,1.3270142180094786,1693.1272123819188,168.0702887864497,27.032108758957335
337000,1.315,1.2534992223950234,1.4606741573033708,1.3910614525139664,1768.1634710838423,164.8283352764045,24.455920508603352
338000,1.243,1.2234910277324633,1.4311377245508983,1.1545454545454545,1541.1207846507161,157.78746106952096,24.492008487272727
339000,1.431,1.382636655948553,1.624203821656051,1.4298642533936652,1600.3044562335053,177.6104027732485,23.178714582443455
340000,1.336,1.253565768621236,1.6736842105263159,1.2681564245810055,1471.555841421475,162.288369871421,25.69739761899442
341000,1.327,1.2794117647058822,1.4201183431952662,1.3881278538812785,1279.224133868824,159.9246081200592,27.44622602219181
342000,1.262,1.2042833607907744,1.4792899408284024,1.2544642857142858,1439.7418098480073,169.89246959313618,23.17940214633928
343000,1.242,1.2259615384615385,1.36875,1.1944444444444444,1597.2848166974993,197.4738446236249,28.474223907129637
344000,1.274,1.2495921696574226,1.391566265060241,1.253393665158371,1558.741779210832,159.4372275261445,26.58794694986425
345000,1.225,1.1873015873015873,1.4067796610169492,1.1813471502590673,1652.151543227096,179.43024192129946,32.71053282668396
346000,1.239,1.2078125,1.329608938547486,1.2596685082872927,1667.8860111431259,188.13809810871498,27.35236533232043
347000,1.292,1.2520458265139116,1.5766871165644172,1.1946902654867257,1640.2093246262855,165.20208736227002,27.182185938274348
348000,1.285,1.2454695222405272,1.5,1.2237442922374429,1560.2101919894915,179.17855995373577,25.5929385209589
349000,1.326,1.326086956521739,1.3922651933701657,1.2571428571428571,1396.7430770875762,159.88194794850833,26.741894602685722
350000,1.354,1.3021346469622332,1.6875,1.2597402597402598,1801.0562107855314,219.2182943111875,28.237388450995667
351000,1.322,1.2713815789473684,1.4518072289156627,1.3628318584070795,1465.9948646976156,176.2839630414459,25.06101959309737
352000,1.371,1.3471337579617835,1.569060773480663,1.2617801047120418,1515.8699055040447,160.90991729834266,26.463853034764405
353000,1.279,1.267515923566879,1.4011627906976745,1.21,1712.7981175194745,181.5346057978488,26.14189445775001
354000,1.187,1.1642036124794746,1.3231707317073171,1.1497797356828194,1888.9342839909368,195.7907081438415,27.223036877973566
355000,1.261,1.2151898734177216,1.4857142857142858,1.2072538860103628,1723.2805026278638,170.91182742948567,29.2708178607254
356000,1.241,1.2106109324758842,1.372093023255814,1.2233009708737863,1611.6101609961408,183.2576850284303,28.693399565194174
357000,1.268,1.254071661237785,1.3630952380952381,1.2339449541284404,1622.9297444212377,173.69396549886915,28.509877053211017
358000,1.325,1.2764612954186414,1.5962732919254659,1.2621359223300972,1545.0149046539502,169.14675031546597,30.11451481067963
359000,1.409,1.367109634551495,1.6347305389221556,1.354978354978355,1891.7377273572406,165.95440152754486,24.028714600865808
360000,1.255,1.2317666126418152,1.341317365269461,1.2546296296296295,1557.2679925975042,155.48855017287423,24.879373051296287
361000,1.294,1.2828125,1.3631284916201116,1.2651933701657458,1370.2653477686422,145.7056310329609,25.845698566298342
362000,1.315,1.2818035426731078,1.511764705882353,1.2535885167464116,1301.6984906449425,157.57829819105882,27.27670623952153
363000,1.316,1.2938311688311688,1.4969325153374233,1.244343891402715,1287.1318059924188,175.53428812484665,22.877417278054285
364000,1.217,1.1845425867507886,1.320855614973262,1.223463687150838,1232.305469381468,166.62008461866296,23.310331944189958
365000,1.181,1.1468189233278956,1.3154761904761905,1.17351598173516,1309.9561617253164,158.24985727773813,29.058114611187218
366000,1.269,1.251231527093596,1.4430379746835442,1.1974248927038627,1317.7337950605415,179.77154311411397,26.908625543476386
367000,1.218,1.1940063091482649,1.351063829787234,1.1629213483146068,1307.9400658211503,184.81000800531925,29.82685121544942
368000,1.258,1.2575516693163753,1.3571428571428572,1.1773399014778325,1338.676083407342,193.15620171238095,29.88201329251229
369000,1.264,1.2360655737704918,1.3818181818181818,1.2533333333333334,1412.416856630542,166.8647887088486,21.246490630711115
370000,1.271,1.2261146496815287,1.5170454545454546,1.1938775510204083,1474.9484476465116,155.49071139369315,25.749959060765306
371000,1.255,1.2448979591836735,1.3885714285714286,1.1648936170212767,1268.9432193181947,154.61618836662853,26.450907381914867
372000,1.255,1.2629870129870129,1.275,1.21875,1189.7181005805362,164.95111077374992,20.67545455857143
373000,1.294,1.265905383360522,1.44375,1.2643171806167401,1430.3077283788912,161.125659630875,26.541953496167423
374000,1.252,1.219869706840391,1.4228571428571428,1.2037914691943128,1367.3917366478352,180.23099320845716,31.110011282369676
375000,1.227,1.1970443349753694,1.3859649122807018,1.1863636363636363,1291.0848155848582,169.02171652526314,25.0818515820909
376000,1.26,1.253565768621236,1.2121212121212122,1.3391812865497077,1190.0278229121693,162.7361440814646,31.545926364853802
377000,1.235,1.1944444444444444,1.3872832369942196,1.2279069767441861,1297.65163524464,160.326496755896,29.184868321860453
378000,1.254,1.174917491749175,1.5058823529411764,1.2767857142857142,1192.6134665403629,183.58116389505892,27.54632018053571
379000,1.259,1.2487961476725522,1.3220338983050848,1.235,1146.9106588866136,192.598828049209,29.765088784550016
380000,1.205,1.1716535433070867,1.2797619047619047,1.248730964467005,1134.2159680570708,205.38439260041673,28.078595297208118
381000,1.227,1.1970443349753694,1.329268292682927,1.2334801762114538,1220.7399020665177,212.8079299204879,31.202557287929515
382000,1.231,1.1964573268921095,1.344632768361582,1.2376237623762376,1191.518560643254,212.30616472841803,31.58013410004952
383000,1.213,1.1538461538461537,1.4065934065934067,1.2216494845360826,1126.4442666547604,247.82643398521972,33.05037294077318
384000,1.255,1.1895973154362416,1.4943820224719102,1.238938053097345,1083.2604485409759,201.03048660932575,31.505722674823016
385000,1.253,1.206840390879479,1.4880952380952381,1.201834862385321,1205.0413560581103,211.1910542294048,32.26265240518348
386000,1.23,1.1886477462437395,1.4375,1.1777777777777778,1227.2450175911194,191.4515110059091,27.269730961422216
387000,1.233,1.2166405023547882,1.3588235294117648,1.1761658031088082,1313.912013783471,200.356809919,26.55129693321244
388000,1.352,1.3548895899053628,1.458100558659218,1.2406417112299466,1507.9666282303324,229.35034913804478,33.90283635320854
389000,1.259,1.2442622950819673,1.3780487804878048,1.2123893805309736,1493.1533075036077,180.8577292943292,30.638299547964614
390000,1.263,1.1966666666666668,1.518716577540107,1.2253521126760563,1425.9152259293844,192.46675527812826,29.712503865962447
391000,1.237,1.199004975124378,1.372093023255814,1.2355555555555555,1399.692520831477,204.15763939546514,29.314202406977763
392000,1.25,1.2086811352253757,1.467032967032967,1.182648401826484,1366.5573560376804,181.34798663664844,27.112228394429223
393000,1.211,1.1421647819063006,1.407185628742515,1.2570093457943925,1297.9081236430213,157.4201418905389,24.97397741196262
394000,1.259,1.1912013536379018,1.5344827586206897,1.225531914893617,1292.5486083989003,167.04439916034485,24.908476482680864
395000,1.227,1.193126022913257,1.311764705882353,1.2557077625570776,1398.2956260645988,184.8752272383529,29.442881701872153
396000,1.204,1.1492537313432836,1.4201183431952662,1.1885964912280702,1296.7395828731678,151.6039672115976,31.427207295087705
397000,1.291,1.245723172628305,1.5444444444444445,1.1977401129943503,1256.4267915689434,198.60499191199997,31.921883708531073
398000,1.243,1.2140575079872205,1.4080459770114941,1.19,1348.2905830826055,187.56797362511492,29.99159745924999
399000,1.202,1.178743961352657,1.3354037267080745,1.1697247706422018,1365.4177281978255,189.28937038732928,31.267889716972462
400000,1.209,1.1974921630094044,1.2527472527472527,1.2055555555555555,1393.6301447384337,188.91653117873628,28.250621740944435
401000,1.208,1.1923076923076923,1.290909090909091,1.1895734597156398,1435.763207621266,171.02304966393936,23.374829996161147
402000,1.176,1.1669421487603306,1.2516129032258065,1.15,1249.9267802123131,171.10663782767742,20.115919767125003
403000,1.21,1.210122699386503,1.25,1.1686046511627908,1244.8691095918728,182.76328673119318,29.012848441802326
404000,1.191,1.2054574638844302,1.180232558139535,1.1560975609756097,1277.0452171293566,168.08686736040698,30.920227685317062
405000,1.207,1.2144026186579377,1.2560975609756098,1.1511111111111112,1253.0290764173815,170.83851430579267,27.088995324133347
406000,1.234,1.2291021671826625,1.3222222222222222,1.160919540229885,1391.59110195545,169.66466048894443,27.530751157931032
407000,1.237,1.2544861337683524,1.2380952380952381,1.187214611872146,1438.3417647632125,186.90647142214286,26.48436699972603
408000,1.233,1.2093802345058626,1.3615819209039548,1.1946902654867257,1374.6458627231661,158.28395203141238,26.50664351075222
409000,1.221,1.228476821192053,1.238888888888889,1.1851851851851851,1404.1975098907942,154.90598120722228,25.408761859768514
410000,1.219,1.2049306625577811,1.2950819672131149,1.1904761904761905,1352.8532991485056,164.87584551999998,28.584663008571408
411000,1.209,1.1928104575163399,1.2560975609756098,1.21875,1296.1427542988563,157.21698042689025,25.57195792616071
412000,1.223,1.2044374009508716,1.3395061728395061,1.1884057971014492,1394.6370283555327,163.49865256283954,25.07971866623189
413000,1.203,1.1798107255520505,1.2864864864864864,1.1988950276243093,1414.8044366208205,171.40460011389186,26.224871452154694
414000,1.208,1.2162162162162162,1.2228915662650603,1.170731707317073,1498.7083420255804,171.1620491893374,22.889702848926838
415000,1.22,1.2003154574132493,1.3154761904761905,1.202020202020202,1549.570696370017,151.0195268982737,25.796451702474766
416000,1.171,1.1538461538461537,1.2514619883040936,1.1560975609756097,2189.6029192508145,152.67996906654966,21.26941933497561
417000,1.19,1.1552287581699345,1.3293413173652695,1.1809954751131222,1645.8381951431038,158.90753373946106,21.859700217375575
418000,1.194,1.1587301587301588,1.3563218390804597,1.163265306122449,1612.329699556842,158.65035366189656,26.636051007193892
419000,1.206,1.1560509554140128,1.3461538461538463,1.236842105263158,1598.7730011202557,168.27514115626357,23.649513004578942
420000,1.184,1.172077922077922,1.23125,1.1830357142857142,1722.1455045838156,159.11801282937495,27.021733539464286
421000,1.214,1.1472995090016367,1.467455621301775,1.2045454545454546,1704.1150676273153,159.98381392183435,24.130094690863643
422000,1.212,1.1710526315789473,1.4304635761589404,1.1784232365145229,1741.7106447019235,170.42642099615884,22.485804128257257
423000,1.208,1.183673469387755,1.3216374269005848,1.1875,1800.09967577113,154.86127651058473,24.7231809658854
424000,1.199,1.1839622641509433,1.2352941176470589,1.2164948453608246,2098.9941708756273,164.55980263794123,24.505503412835044
425000,1.161,1.1505728314238952,1.2682926829268293,1.1111111111111112,2137.5988162030444,154.3644002916463,23.934755001733347
426000,1.208,1.2163833075734158,1.229050279329609,1.1551724137931034,1970.902894788114,158.69249596882676,26.317218308218397
427000,1.184,1.1816693944353518,1.1975308641975309,1.1806167400881058,1857.3838462987887,140.75466829444443,23.37575802299559
428000,1.174,1.1866251944012443,1.2035928143712575,1.105263157894737,1934.2156199555052,198.1597151567066,20.663153528789465
429000,1.169,1.178343949044586,1.2088607594936709,1.1121495327102804,2051.225786592927,163.7502339343037,22.97120071663551
430000,1.209,1.168,1.369047619047619,1.2028985507246377,1963.961909494819,156.44095720428572,22.83656315816427
431000,1.273,1.2434108527131782,1.4,1.2470588235294118,2050.293492350385,143.4211279852973,28.025416166647048
432000,1.259,1.260586319218241,1.3109756097560976,1.2162162162162162,2148.5325186932087,150.07368512298785,22.897390441666648
433000,1.201,1.2116316639741518,1.23125,1.1493212669683257,2176.3883709277725,165.22838355362506,25.44045202357466
434000,1.267,1.2393442622950819,1.3780487804878048,1.261061946902655,2380.764098995738,147.0260432428659,25.194420090044243
435000,1.272,1.2158730158730158,1.5113636363636365,1.2371134020618557,2386.64931333808,158.6532268381819,22.90976252670103
436000,1.25,1.2180094786729858,1.4074074074074074,1.196629213483146,2435.2628331134924,154.19519239873014,26.456916370842695
437000,1.19,1.1492776886035314,1.3703703703703705,1.172093023255814,2509.3489803166767,158.89815381333332,23.72220733106977
438000,1.184,1.1532385466034756,1.2415730337078652,1.2328042328042328,2401.809717139398,138.60576683174153,20.501944915555544
439000,1.183,1.1719745222929936,1.251497005988024,1.1609756097560975,2380.565203066704,157.61319330347308,25.156771058390245
440000,1.18,1.1571194762684125,1.31055900621118,1.1491228070175439,2389.261995909083,171.536780267764,21.656839772543854
441000,1.226,1.2234206471494606,1.3131868131868132,1.1420118343195267,2333.2827604615845,175.11673715181308,25.353537058757393
442000,1.224,1.18578352180937,1.3235294117647058,1.2559241706161137,2317.405092717106,146.0601488125882,26.954674097298586
443000,1.268,1.2101806239737274,1.4792899408284024,1.2657657657657657,2230.3122436633494,166.61688108609465,22.380259110990995
444000,1.28,1.2538699690402477,1.4261363636363635,1.2303370786516854,2329.4039501065186,173.70198744931815,26.1875139319101
445000,1.289,1.2605177993527508,1.3988095238095237,1.2850467289719627,2329.469187820372,157.602782463869,25.286953899439254
446000,1.288,1.267100977198697,1.420731707317073,1.2477477477477477,2314.5136665671507,142.96842360847558,21.100196435540536
447000,1.265,1.2373983739837398,1.4251497005988023,1.2201834862385321,2302.535220473495,171.18356793994013,24.210812800000017
448000,1.298,1.276143790849673,1.4142011834319526,1.269406392694064,2407.564247264736,153.628109507219,26.486405789589043
449000,1.322,1.2976744186046512,1.5274725274725274,1.1965317919075145,2497.06728151338,179.6607515019231,29.491391118381515
450000,1.345,1.2976,1.5421686746987953,1.3301435406698565,2519.0805694655983,179.1282190496386,27.084504468277512
451000,1.29,1.2463054187192117,1.5178571428571428,1.2376681614349776,2440.760266091431,161.07496091446436,24.786364905784772
452000,1.303,1.2714285714285714,1.4722222222222223,1.2473684210526317,2340.921722465809,155.9914337436667,26.44719074542105
453000,1.47,1.3869426751592357,1.8342541436464088,1.3979057591623036,2453.635758097295,165.507493609116,23.36130862643978
454000,1.53,1.5056179775280898,1.9171974522292994,1.3227272727272728,2599.3683782085554,159.33637075414006,25.844490947454567
455000,1.558,1.5095541401273886,1.8756756756756756,1.4064171122994653,2563.541906503229,188.571210372162,29.63410972716576
456000,1.495,1.4556765163297045,1.7719298245614035,1.3763440860215055,2421.731194968977,171.3114342150877,27.69242639994623
457000,1.514,1.509090909090909,1.7294117647058824,1.3644444444444443,2166.803570628841,161.2785813486471,22.019235236711115
458000,1.441,1.431340872374798,1.6441717791411044,1.31651376146789,2065.342960771291,173.20375525809825,26.56440966027523
459000,1.432,1.3619344773790951,1.7567567567567568,1.3448275862068966,2308.324202661309,161.42218250308096,25.82473655149425
460000,1.452,1.4233226837060702,1.679245283018868,1.3674418604651162,2693.9435120536405,157.4144246472327,26.265549790139545
461000,1.55,1.5299837925445705,1.7901234567901234,1.4298642533936652,3074.3215961162073,163.70166838154316,22.44423094081448
462000,1.538,1.4934426229508198,1.878787878787879,1.4088888888888889,3325.7677599550984,152.16635502806062,22.880549393422235
463000,1.452,1.4169329073482428,1.686046511627907,1.3613861386138615,3422.3899813256726,159.73434910104643,26.706880109752465
464000,1.377,1.3671875,1.5086705202312138,1.2887700534759359,3364.2162523151246,171.79853569520236,24.816694422299463
465000,1.38,1.3667763157894737,1.5384615384615385,1.295964125560538,3359.1119780129598,178.7040235422485,22.19955720430494
466000,1.362,1.3649068322981366,1.3859649122807018,1.3297297297297297,3690.0870588301214,151.7631979908186,22.03921011010811
467000,1.348,1.3175355450236967,1.5868263473053892,1.245,3527.762606190728,140.40603764592822,21.677584021900007
468000,1.388,1.3255813953488371,1.7065868263473054,1.3203463203463204,3120.0960449935405,147.0634772869461,24.715769094199132
469000,1.385,1.3338607594936709,1.5942857142857143,1.3626943005181347,3020.719413184226,155.88401127188573,23.270412408082915
470000,1.628,1.6022364217252396,1.9081081081081082,1.439153439153439,3207.082069371344,185.32318008410797,19.999111071269844
471000,1.538,1.4575707154742097,2.0434782608695654,1.3991596638655461,3230.0185832334955,177.18109575440997,22.83273878214286
472000,1.541,1.414075286415712,2.0727272727272728,1.4955357142857142,3319.0793373959564,178.9887638545455,23.979307386294646
473000,1.473,1.401883830455259,1.7903225806451613,1.3954802259887005,3288.4618014080843,145.61878970091402,22.091818698926545
474000,1.474,1.4134615384615385,1.8284023668639053,1.3671497584541064,3535.7385642453214,178.43352372301771,27.008107505990335
475000,1.407,1.4022988505747127,1.6012269938650308,1.280701754385965,3511.288908757667,192.0903413432515,26.88483604307018
476000,1.451,1.4232633279483038,1.7261904761904763,1.3145539906103287,3283.5041580086267,161.8904070154166,28.166981643380268
477000,1.452,1.3471760797342194,1.8654970760233918,1.4185022026431717,3129.212305013404,172.8612134877777,24.067047793303967
478000,1.564,1.503961965134707,1.934065934065934,1.4064171122994653,3230.8190964450255,156.06661865686817,22.88085862449198
479000,1.516,1.4651539708265802,1.7823529411764707,1.4507042253521127,3155.6270934005615,167.39892005029424,28.135351360234754
480000,1.428,1.3447154471544716,1.863905325443787,1.3240740740740742,3216.9534504573135,145.64214766715975,25.375883512314815
481000,1.44,1.4074675324675325,1.7396449704142012,1.2976744186046512,3214.6617722214287,152.2658956357396,24.65037217767442
482000,1.453,1.3783359497645211,1.7567567567567568,1.404494382022472,3141.1137529175853,164.45059057664858,25.587750488314608
483000,1.45,1.4188741721854305,1.7325581395348837,1.3169642857142858,2955.3014625211104,153.94207119732556,26.367083286741085
484000,1.372,1.3529411764705883,1.5796178343949046,1.2813852813852813,2971.705637896751,164.38192564375794,22.833391967012975
485000,1.437,1.4040247678018576,1.6551724137931034,1.3444444444444446,2919.1075995384067,146.07962543160926,24.25560287944445
486000,1.418,1.37012987012987,1.7267441860465116,1.3066037735849056,2719.757996331785,157.68509017877912,30.126602263396233
487000,1.411,1.3858520900321543,1.5892857142857142,1.3428571428571427,2743.8663529024766,164.3729158710119,24.405742724666645
488000,1.346,1.3512658227848102,1.4406779661016949,1.2408376963350785,2863.0135600885606,150.09905471745773,22.975805968324618
489000,1.409,1.358642972536349,1.6506024096385543,1.3674418604651162,2774.0686928765435,138.36236443024097,21.593306035534887
490000,1.381,1.3445945945945945,1.5747126436781609,1.329059829059829,3016.440964581895,145.88648190718388,21.040622595598283
491000,1.382,1.3349673202614378,1.583815028901734,1.3534883720930233,2891.0192476351644,132.90508960924856,24.511227235069764
492000,1.378,1.3246329526916802,1.6687116564417177,1.3125,2892.404111699171,165.899422057546,22.782642801651765
493000,1.416,1.3689167974882261,1.6,1.3932584269662922,2908.074215132086,140.92560637540544,22.789509529606743
494000,1.375,1.337171052631579,1.6285714285714286,1.2764976958525345,2973.864153831265,162.63411592422847,23.447364062764972
495000,1.393,1.3103448275862069,1.7300613496932515,1.3728070175438596,2930.3592550098024,173.47491432607364,27.55542883052633
496000,1.341,1.302588996763754,1.4797687861271676,1.3397129186602872,2704.7493794596116,138.87167037549133,23.36698459349282
497000,1.468,1.4178403755868545,1.6342857142857143,1.4838709677419355,2710.0390304866182,171.1914178551428,24.631634417956995
498000,1.427,1.3495934959349594,1.7439024390243902,1.407239819004525,2676.0505431826346,154.19843743347565,26.55577785502262
499000,1.418,1.382636655948553,1.5476190476190477,1.4190476190476191,2759.581031238326,155.70063033059526,25.03768498533333
500000,1.403,1.3541666666666667,1.609375,1.3532608695652173,2772.905989643687,140.43255050625,24.82184420809784
501000,1.369,1.3549432739059968,1.5297619047619047,1.283720930232558,2930.2275307096106,165.9084287560117,24.359026454372096
502000,1.36,1.337007874015748,1.4588235294117646,1.3487179487179488,3099.319036317984,153.6360858454118,22.384025862871795
503000,1.385,1.2980769230769231,1.7660818713450293,1.3317073170731708,2954.3976382283,150.68147572116965,22.950219793414647
504000,1.248,1.2279534109816972,1.3315217391304348,1.2325581395348837,3009.111463513862,160.18295657657606,20.83325684720929
505000,1.313,1.3262642740619903,1.4342105263157894,1.2,3121.9821214604726,133.94809989039467,22.888127768680864
506000,1.356,1.285024154589372,1.7345679012345678,1.2764976958525345,2882.427588223833,155.93501475135804,23.99833441608294
507000,1.368,1.3302180685358256,1.55,1.3202247191011236,2968.9810622897826,140.61738231849998,24.414663297809007
508000,1.32,1.3063492063492064,1.4502923976608186,1.2512562814070352,2624.845208434,166.88863371029242,27.136266944824108
509000,1.399,1.3946117274167988,1.4702380952380953,1.3532338308457712,2569.0518336379423,154.89454962761897,23.426362699203978
510000,1.387,1.3680124223602483,1.56,1.287292817679558,2485.8644378402037,154.44408019079998,23.2634171196685
511000,1.357,1.3410214168039538,1.5731707317073171,1.244541484716157,2376.0860468864576,169.1854060706098,23.812935870524033
512000,1.39,1.33596214511041,1.6395348837209303,1.3453608247422681,2570.2715430382164,149.76827973523262,26.44028417922681
513000,1.422,1.3540372670807452,1.7692307692307692,1.3103448275862069,2581.8507125125925,141.25138934818685,23.608411325517245
514000,1.382,1.3402889245585874,1.5903614457831325,1.3412322274881516,2573.429335139342,134.93859339542172,18.248908018151674
515000,1.345,1.3035714285714286,1.5341614906832297,1.3228699551569507,2428.7947685832632,104.7061342963975,19.700592368789238
516000,1.428,1.3823529411764706,1.7165775401069518,1.281437125748503,2390.5263287632956,135.18344433786086,22.99555590245509
517000,1.359,1.3123993558776168,1.5028901734104045,1.3786407766990292,2376.92257946982,127.87450759017337,19.714181098300973
518000,1.383,1.3035714285714286,1.6848484848484848,1.3789954337899544,2926.7808678913802,121.67944284393937,20.109338857168954
519000,1.358,1.3471760797342194,1.5301204819277108,1.2629310344827587,3077.877318201563,139.5839909684338,20.036418010474133
520000,1.435,1.3306188925081432,1.970059880239521,1.3196347031963471,2885.5558747118234,152.07387563742515,23.192963168356172
521000,1.253,1.2126623376623376,1.4,1.2523364485981308,2884.8096989233954,134.99694196135295,17.96530284196261
522000,1.269,1.2122641509433962,1.4914285714285713,1.253968253968254,2810.380207446101,143.93364820977138,21.600865593968255
523000,1.316,1.266990291262136,1.5853658536585367,1.2522935779816513,2898.9015226815704,138.00634292036582,24.599136596422024
524000,1.261,1.2135761589403973,1.432748538011696,1.2577777777777779,2876.5290286947516,145.067816121345,20.2199642792
525000,1.297,1.2737341772151898,1.4395604395604396,1.2365591397849462,2795.1272859197306,138.41534949576916,23.284303053817215
526000,1.282,1.2274193548387098,1.4764705882352942,1.2857142857142858,2727.04195566555,156.89749418076477,23.756582768809515
527000,1.27,1.2391653290529696,1.4367816091954022,1.2216748768472907,2816.0195882285257,150.74945147936788,28.148528767931047
528000,1.3,1.2545454545454546,1.494186046511628,1.2735426008968609,3696.8336556731715,152.27596546156983,21.164483069282536
529000,1.293,1.2678018575851393,1.4615384615384615,1.227027027027027,2628.837483987943,156.66562372698226,21.19792322486485
530000,1.241,1.2154605263157894,1.3571428571428572,1.2232142857142858,2693.714427623836,145.47304790666672,21.783425075133916
531000,1.242,1.242174629324547,1.3312883435582823,1.1782608695652175,2620.008745790775,164.63677198233137,21.78636830773914
532000,1.215,1.1826771653543307,1.3278688524590163,1.2142857142857142,2522.5906169266286,176.30128738710377,25.947539136868123
533000,1.268,1.2583732057416268,1.335195530726257,1.2371134020618557,2099.5763013429196,204.3669104986033,25.17959249479381
534000,1.261,1.2346278317152104,1.4177215189873418,1.2232142857142858,2215.8828316383183,166.8665064501899,23.090404906830344
535000,1.358,1.3572593800978794,1.525,1.2422907488986785,2293.6881852838837,172.49128035081247,30.381671316343606
536000,1.324,1.2822185970636215,1.4970059880239521,1.309090909090909,2364.0758291176803,173.09791335143703,24.467703755454544
537000,1.329,1.2523076923076923,1.5722222222222222,1.3647058823529412,2408.5756051140625,168.10136207000005,22.84946426770588
538000,1.289,1.255700325732899,1.3860759493670887,1.3114035087719298,3497.297881505556,165.68584103493677,22.961599693771927
539000,1.314,1.2845394736842106,1.5272727272727273,1.2378854625550662,2678.701806087993,149.71404444278792,30.177970115374446
540000,1.327,1.2978395061728396,1.4331550802139037,1.3212121212121213,2813.4197449202766,162.6119593163636,28.677891990727286
541000,1.297,1.2174629324546953,1.5853658536585367,1.3013100436681222,2795.639508974182,171.6907140483536,24.32691241912665
542000,1.333,1.3175122749590835,1.5119047619047619,1.239819004524887,2801.5639277408336,153.87240768476195,29.93731913117648
543000,1.345,1.3048211508553655,1.565934065934066,1.262857142857143,2775.4313979330013,168.4347729856044,29.41413688542856
544000,1.279,1.2650406504065042,1.3647798742138364,1.2566371681415929,2746.919912174847,201.00875745176106,25.284595637920354
545000,1.288,1.2300163132137032,1.4642857142857142,1.3150684931506849,2556.714887220912,213.98665053672624,24.810935144200908
546000,1.736,1.6753846153846155,2.142857142857143,1.5297619047619047,1934.6766435383222,160.0699951757692,23.954545089404764
547000,1.432,1.4035369774919615,1.6987179487179487,1.3243243243243243,3582.4758856587437,163.92533669256403,26.053022343693705
548000,1.397,1.359271523178808,1.6964285714285714,1.2763157894736843,2773.1918832532947,167.5916618235119,25.452204123903506
549000,1.406,1.3905228758169934,1.565217391304348,1.3348017621145374,1922.211445883433,172.02638291913038,23.92504983995596
550000,1.429,1.364951768488746,1.7738095238095237,1.3428571428571427,1641.2296418440524,176.8913186814881,24.951128942571437
551000,1.448,1.4503937007874015,1.4682080924855492,1.421875,1640.623102044963,143.44163513138722,22.734288295104164
552000,1.445,1.4798711755233493,1.5031446540880504,1.3045454545454545,1695.2956125976323,149.59385060000002,26.690034872499986
553000,1.519,1.458204334365325,1.7666666666666666,1.4885057471264367,1678.969523064133,178.87053157255568,21.42608623086207
554000,1.375,1.396135265700483,1.40625,1.2922374429223744,1797.1105924614817,173.27200874362484,26.86963951123289
555000,1.255,1.259141494435612,1.2606060606060605,1.2378640776699028,1698.4909565450864,161.49366442842427,27.31466801655342
556000,1.254,1.2661538461538462,1.3055555555555556,1.1529411764705881,1616.170119355706,157.9338542288889,24.114996228764706
557000,1.267,1.2749590834697218,1.3148148148148149,1.2114537444933922,1659.3529610211299,160.15731694179007,26.550997870176218
558000,1.306,1.2761310452418098,1.4619565217391304,1.2514285714285713,1606.8427197067692,171.2837155120109,21.306984731942844
559000,1.336,1.317817014446228,1.5614035087719298,1.203883495145631,1658.149418901253,160.65975538222216,26.86690968990291
560000,1.417,1.3973941368078175,1.610062893081761,1.3348017621145374,1640.5673463833066,146.3004665532704,26.37769998088105
561000,1.422,1.4108019639934533,1.5064102564102564,1.3948497854077253,1627.7693927496066,174.36682784275644,24.413288670686693
562000,1.351,1.328502415458937,1.4301675977653632,1.35,1847.8702153057488,174.16361109849157,25.54739645055001
563000,1.401,1.3498402555910542,1.6167664670658684,1.3816425120772946,1932.5476067867871,185.56924251766466,22.285465140338143
564000,1.438,1.3549432739059968,1.7134146341463414,1.4657534246575343,1763.1052909194982,152.31067092054877,25.30477953913242
565000,1.406,1.3723577235772357,1.6257309941520468,1.3271028037383177,1861.6563434122115,162.85758559292395,22.527653996168237
566000,1.392,1.3608087091757388,1.5657142857142856,1.335164835164835,1604.782410412286,159.01942761251428,25.01322871994505
567000,1.349,1.33015873015873,1.4695121951219512,1.3106796116504855,1765.244787715698,122.68539036310968,22.130333700242723
568000,1.339,1.3488745980707395,1.2468354430379747,1.3772727272727272,1814.667242180529,134.1221674867089,21.695930004818194
569000,1.497,1.446319018404908,1.7944444444444445,1.375,1695.175361779922,141.15108838000006,24.944285198154777
570000,1.387,1.3652597402597402,1.61875,1.28125,1665.2603162014616,139.82484989324996,22.325994968214278
571000,1.398,1.3771517996870108,1.5977011494252873,1.2834224598930482,1655.7083445480275,139.18072207798852,21.250062426256676
572000,1.399,1.3624595469255663,1.619047619047619,1.3317757009345794,1724.5509265671515,151.19668326738096,23.571654774299052
573000,1.327,1.2955271565495208,1.56875,1.2383177570093458,1657.3837274583393,143.44040634643758,27.050119394719616
574000,1.259,1.2395498392282958,1.3511904761904763,1.2428571428571429,1702.9519373671528,127.63676788732143,23.925211900619036
575000,1.29,1.2988871224165341,1.3352601156069364,1.2222222222222223,1625.8700403104458,167.7275970668786,22.854419867474746
576000,1.232,1.2269938650306749,1.2914285714285714,1.1907514450867052,2090.9961195676988,138.37939064445717,23.245518007803472
577000,1.188,1.1650485436893203,1.270967741935484,1.1938325991189427,2561.0720430283623,140.90390266954842,20.017862437268743
578000,1.206,1.186335403726708,1.3407821229050279,1.1412429378531073,2556.8199617725495,144.53962130536317,21.38462424728813
579000,1.188,1.1598101265822784,1.3067484662576687,1.1804878048780487,2578.8709841891728,133.03543109196312,23.373441882097573
580000,1.194,1.1762820512820513,1.2830188679245282,1.1797235023041475,2743.8685262223726,131.05348183685533,20.746339051290327
581000,1.221,1.1993911719939117,1.3461538461538463,1.1677018633540373,3566.3687856301704,127.424185293956,18.117638834906824
582000,1.263,1.275974025974026,1.3251533742331287,1.1809954751131222,4229.728320983213,116.17686240846626,20.78271607072399
583000,1.277,1.2523809523809524,1.3892215568862276,1.2610837438423645,2024.4346474338747,115.3859786882036,17.888979324236452
584000,1.339,1.3333333333333333,1.4518072289156627,1.2666666666666666,1826.861540814329,137.6871338230121,19.68197631633334
585000,1.396,1.3709150326797386,1.6441717791411044,1.2844444444444445,1773.142139995753,119.04419177852759,20.23681393315555
586000,1.462,1.445705024311183,1.7888198757763976,1.2702702702702702,1889.6865611726737,153.3359296571428,19.303055038828827
587000,1.434,1.408496732026144,1.6235294117647059,1.3577981651376148,2026.330914359951,125.94064419294122,23.04378504133028
588000,1.365,1.3456221198156681,1.528735632183908,1.2742857142857142,1927.1068242192955,131.20401613373568,20.096990320399996
589000,1.31,1.3485342019543973,1.347305389221557,1.17351598173516,1882.073190748094,163.83695115329334,21.903786268995425
590000,1.291,1.2841269841269842,1.407185628742515,1.2167487684729064,1966.3151224601893,153.91513608580843,22.379843609901474
591000,1.286,1.285935085007728,1.4147727272727273,1.1581920903954803,1894.0724216404794,161.35932476823857,23.459482247344624
592000,1.282,1.288244766505636,1.423841059602649,1.1710526315789473,2256.5107693068926,139.77796777139073,19.45888288618421
593000,1.261,1.265940902021773,1.335164835164835,1.1657142857142857,2056.056901764478,148.75839355791206,21.962819305142855
594000,1.237,1.220064724919094,1.3757575757575757,1.1797235023041475,2110.271511784692,148.95653341684846,19.660698517465434
595000,1.272,1.2536348949919225,1.358974358974359,1.2622222222222221,2797.083608500954,159.89121584525645,21.931819941911126
596000,1.324,1.28328173374613,1.4945652173913044,1.2941176470588236,1687.981220734116,149.6296552420108,24.562916497411766
597000,1.329,1.2636655948553055,1.5974842767295598,1.3196347031963471,1783.6102515899986,140.63839081911945,21.977853894566213
598000,1.365,1.2900641025641026,1.668639053254438,1.3429951690821256,1881.5100696844718,113.79790258071002,16.846686396956525
599000,1.327,1.2516339869281046,1.676300578034682,1.2604651162790699,1884.62405803812,92.12673460040467,14.994923859860469
600000,1.322,1.2897350993377483,1.6033519553072626,1.1797235023041475,1832.8818396954148,97.82072004351953,19.0935313081106
601000,1.307,1.3125,1.3823529411764706,1.2342342342342343,1678.2658945437495,136.43911830947062,17.002301333468466
602000,1.305,1.270735524256651,1.546448087431694,1.1797752808988764,1665.83902731122,150.1589441586338,19.974101478707876
603000,1.089,1.0573770491803278,1.2197802197802199,1.0673076923076923,1228.0469956821155,170.60178485868127,25.304529014182698
604000,1.159,1.1655737704918032,1.2038216560509554,1.111587982832618,1392.2915058797867,158.73299720000003,19.580841052231758
605000,1.324,1.2868719611021069,1.46448087431694,1.31,1559.7044937778114,151.7334004950819,24.6324177566
606000,1.367,1.375594294770206,1.4619883040935673,1.2575757575757576,1550.7353894392713,169.09294771532169,23.577172032373745
607000,1.345,1.2778702163061564,1.7670454545454546,1.1928251121076232,1550.56929885589,128.2493499595455,18.427278702780264
608000,1.334,1.3246753246753247,1.4523809523809523,1.2685185185185186,1535.9453979976786,142.48240768749997,25.639068554120367
609000,1.334,1.328525641025641,1.4857142857142858,1.2189054726368158,1706.6142265104322,136.0495725674857,24.957035731542284
610000,1.323,1.2702702702702702,1.5303867403314917,1.3,1704.2218660629562,146.1949929675137,22.2751968341579
611000,1.32,1.264516129032258,1.5517241379310345,1.2912621359223302,1629.0387457276133,150.7106521549425,26.235856350970874
612000,1.282,1.2401315789473684,1.5512820512820513,1.2118644067796611,1526.8216678140607,150.88462779948713,19.268320624576276
613000,1.248,1.236220472440945,1.3440860215053763,1.1899441340782122,1495.5120432448184,164.23452163779572,21.61331601106146
614000,1.322,1.3365384615384615,1.4342857142857144,1.1791044776119404,1397.359982669551,165.99738783845706,23.8690392488557
615000,1.328,1.3122977346278317,1.4968944099378882,1.248868778280543,1430.1586664233992,166.5375957839751,22.963155764162913
616000,1.327,1.303030303030303,1.4970760233918128,1.2485207100591715,1475.0496769113647,152.5945311609357,17.805078002781062
617000,1.287,1.2252836304700163,1.6094674556213018,1.2102803738317758,1504.6237525869024,149.88539587692307,0.013089780373831766
618000,1.259,1.2516447368421053,1.4,1.1762114537444934,1556.310553643438,153.8305149281213,0.014704446784140958
619000,1.253,1.2558502340093605,1.2722222222222221,1.223463687150838,1495.4260782057722,138.12024787688887,0.021107080893854747
620000,1.339,1.3664495114006514,1.3935483870967742,1.2294372294372293,1538.5222986180797,137.26067421225807,0.047349710476190465
621000,1.265,1.2374798061389338,1.5149700598802396,1.1495327102803738,1558.1024336788535,131.19528207125754,0.08266661429906542
622000,1.266,1.2421383647798743,1.461111111111111,1.1576086956521738,1645.721460921334,116.28479640172213,0.1306375985869565
623000,1.254,1.2140522875816993,1.420731707317073,1.2410714285714286,1786.0962153583805,102.46619955573162,0.1687804054017857
624000,1.318,1.3085443037974684,1.494186046511628,1.1938775510204083,2133.4708007067115,105.32607119145345,0.250919681632653
625000,1.254,1.248788368336026,1.3620689655172413,1.178743961352657,1594.6182570196443,97.41227439385055,0.2990899677294688
626000,1.284,1.2528548123980423,1.4037267080745341,1.2831858407079646,1787.0633715105541,104.73083191726711,0.4086142431415933
627000,1.205,1.1815286624203822,1.2857142857142858,1.2081218274111676,1777.578816915923,89.50200328657138,0.40553945999999996
628000,1.272,1.2424242424242424,1.4463276836158192,1.2091836734693877,1661.5690801753901,82.44057644734465,0.40081277209183686
629000,1.274,1.2491749174917492,1.3519553072625698,1.2790697674418605,1754.1208453672268,85.37429594888273,0.41457204246511636
630000,1.292,1.2123745819397993,1.6035502958579881,1.2703862660944205,1547.6367420818065,86.64417135763308,0.44292791210300436
631000,1.257,1.186241610738255,1.5245901639344261,1.2262443438914028,1393.4493256788603,81.07116967306014,0.4888728453846151
632000,1.213,1.1400329489291599,1.4792899408284024,1.2098214285714286,1350.578419265914,98.81047536526631,0.5409502355803568
633000,1.228,1.1343537414965987,1.5513513513513513,1.2070484581497798,1378.017677474812,103.27905570405409,0.5379005501321585
634000,1.269,1.202020202020202,1.5133689839572193,1.2420091324200913,1338.8462047927937,93.02601409828877,0.6223176693150683
635000,1.164,1.1256198347107438,1.2934131736526946,1.1710526315789473,1293.1882359198023,81.84225423784436,0.6317841289035088
636000,1.161,1.139261744966443,1.260115606936416,1.1428571428571428,1256.4019536471646,97.94398014820814,0.7436776535930739
637000,1.14,1.1147540983606556,1.1951219512195121,1.168141592920354,1263.2423459226902,103.88998368615853,0.7554608437610613
638000,1.192,1.1690821256038648,1.2485207100591715,1.2142857142857142,1315.130621613509,91.05243187710059,0.7036782270476192
639000,1.206,1.186602870813397,1.2872340425531914,1.1891891891891893,1360.2586532755192,102.806762633883,0.6003425101081084
640000,1.171,1.1523178807947019,1.2389937106918238,1.1729957805907174,1477.7375583324829,100.96358971842768,0.6127792443881853
641000,1.192,1.1543408360128617,1.319767441860465,1.1990291262135921,1424.282521056124,109.94484283808137,0.6395628387378643
642000,1.191,1.1405750798722045,1.3423913043478262,1.2105263157894737,1392.6392879102236,100.92708642070652,0.5728272877894737
643000,1.196,1.1611842105263157,1.329192546583851,1.1948051948051948,1350.1086803203784,103.7028991495652,0.7558389240259742
644000,1.255,1.239870340356564,1.3392857142857142,1.2325581395348837,1308.925676701152,107.99635257982143,0.676879091674419
645000,1.249,1.2440570522979397,1.2903225806451613,1.2240437158469946,1320.5541948437387,116.51524565204305,0.9240412839890713
646000,1.213,1.1739837398373985,1.311377245508982,1.2477064220183487,1303.675373034505,95.71402802898207,0.9378880872018349
647000,1.145,1.0737564322469983,1.3489583333333333,1.1555555555555554,1035.2969922257798,123.64484368739586,1.079884415111111
648000,1.162,1.1309328968903436,1.2603550295857988,1.1727272727272726,1119.6085270955157,110.258612602071,0.8314634560909088
649000,1.228,1.1834415584415585,1.3559322033898304,1.251207729468599,1338.7343369299351,102.91923319220342,0.7837464126570052
650000,1.245,1.2178683385579938,1.3369565217391304,1.247191011235955,1520.8239808783064,82.84538826190216,0.837646248483146
651000,1.243,1.1904761904761905,1.3987730061349692,1.2719298245614035,1586.1785164579303,98.13331175079759,0.8821226241666671
652000,1.252,1.2249589490968802,1.3154761904761905,1.2780269058295963,1480.6653206344165,114.1183121539881,0.7420218415695066
653000,1.297,1.2202283849918434,1.5060975609756098,1.3542600896860986,1558.758227845301,99.76713851420739,0.7139612459192821
654000,1.2,1.1779242174629325,1.2804878048780488,1.2008733624454149,1399.5717735108726,95.19635333500003,0.8010466021834057
655000,1.28,1.234726688102894,1.372340425531915,1.3368421052631578,1384.4930784909338,111.09900792367021,0.9906268352105269
656000,1.224,1.1728,1.3764705882352941,1.2536585365853659,1370.4530071100814,101.74514774064698,1.0579084600487807
657000,1.243,1.1815181518151816,1.4736842105263157,1.2331838565022422,1396.5734617847666,120.04814464923979,0.9705327891031392
658000,1.304,1.1647058823529413,1.6327683615819208,1.412280701754386,1490.8148511784882,112.700377630226,0.9138597010964916
659000,1.256,1.2202852614896988,1.3823529411764706,1.2613065326633166,1348.5971172135667,104.14163245576468,1.0521188209547738
660000,1.232,1.18370607028754,1.375,1.2526315789473683,1206.75771159075,97.69824517288045,1.2040793015263158
661000,1.216,1.1346801346801347,1.455621301775148,1.248945147679325,1215.4877105930475,103.96477585786982,0.9873858754430376
662000,1.227,1.1666666666666667,1.3832335329341316,1.2703862660944205,1352.9810770234499,102.79912011035933,0.8823265576824038
663000,1.273,1.2407704654895666,1.4529411764705882,1.2222222222222223,1381.9846771371097,102.17923598999994,0.915831813623188
664000,1.275,1.20414673046252,1.5526315789473684,1.2295081967213115,1344.342242812152,106.39593960357894,0.9953640892349723
665000,1.271,1.1960461285008237,1.4879518072289157,1.3127753303964758,1208.3135397066073,92.95931776945783,0.9198528092951536
666000,1.266,1.2096505823627288,1.4261363636363635,1.2914798206278026,1121.718380657306,80.04315099534088,0.9514713178026907
667000,1.245,1.185897435897436,1.4277456647398843,1.270935960591133,1086.7652108987816,102.0619398697688,0.7772001265517233
668000,1.249,1.226984126984127,1.3011363636363635,1.2731958762886597,1107.6541660754756,89.45244665727272,0.7617385968041239
669000,1.248,1.2036124794745484,1.3636363636363635,1.2831858407079646,1104.383526747555,98.16558815509092,0.8730843112389384
670000,1.251,1.1937086092715232,1.3841463414634145,1.3060344827586208,1009.717360370862,93.59780287713413,0.7812143231034485
671000,1.226,1.158154859967051,1.4294117647058824,1.2556053811659194,915.8254165067376,100.08903157852943,0.7849159644394619
672000,1.229,1.1798679867986799,1.3532934131736527,1.2687224669603525,958.4387831549668,93.1299854384431,0.736503302246696
673000,1.2,1.1566068515497554,1.323699421965318,1.2242990654205608,967.7715163451878,98.27848632179192,0.7894266740186909
674000,1.245,1.1784565916398715,1.4021739130434783,1.309278350515464,964.2728954045026,104.18001245809782,0.8992216846907214
675000,1.255,1.2145161290322581,1.3459119496855345,1.3031674208144797,879.4052754523391,100.60772161283023,1.1015405546606332
676000,1.311,1.2171799027552674,1.4777777777777779,1.4482758620689655,813.9815714554296,95.50572479194437,0.9441658361083746
677000,1.275,1.2282608695652173,1.3728813559322033,1.3463687150837989,957.8510495506824,101.6704320132203,1.0699623105586586
678000,1.207,1.196774193548387,1.215568862275449,1.2300469483568075,906.4876351742904,115.63603948269467,1.0281746445539905
679000,1.174,1.1564516129032258,1.2176470588235293,1.1904761904761905,777.338965853194,90.29068561394116,0.9463589887619054
680000,1.315,1.294770206022187,1.4382022471910112,1.2670157068062826,877.8458412153888,88.37825898449434,0.8716519595811516
681000,1.398,1.3327814569536425,1.6875,1.36864406779661,904.8367685005959,96.70324555500005,0.7982956483898302
682000,1.415,1.3598726114649682,1.6171428571428572,1.4111675126903553,899.494797420095,113.78419478394282,0.8161243919796946
683000,1.409,1.3732057416267942,1.5421686746987953,1.4106280193236715,883.1062610659658,91.74411166903617,0.9039446480676332
684000,1.242,1.2131147540983607,1.2994011976047903,1.2780269058295963,881.5114319228192,84.31237425035927,0.8971823480717485
685000,1.299,1.2840909090909092,1.3924050632911393,1.2743362831858407,968.3247806396921,85.62831143462019,0.7873928177876108
686000,1.251,1.2301587301587302,1.2670454545454546,1.3041237113402062,929.3792479158728,74.23031686204546,0.860236972474227
687000,1.244,1.2314960629921259,1.2848837209302326,1.2487046632124352,1011.181079915968,83.90563759738374,0.7915154880829014
688000,1.274,1.2483660130718954,1.3459119496855345,1.2925764192139737,1188.8622473006035,84.58492904119494,0.7915589019213972
689000,1.271,1.2380216383307574,1.3701657458563536,1.2906976744186047,1099.3566428465067,88.26277539690606,0.8617193354651165
