time,avg_txs,avg_pow_difficulty,avg_pos_difficulty,avg_fpos_difficulty
2017-03-09 00:00:21,1.0059171597633136,0.04098952893491122,0,0
2017-03-10 01:44:18,0,0,0,0
2017-03-11 00:00:38,1.0178571428571428,0.02880496805555556,7.750000000000001e-07,0
2017-03-12 00:01:09,1.0,0.0265672105847953,0.0001590172222222222,3.05e-07
2017-03-13 00:00:01,1.0,0.04472630156069366,3.7479000000000005e-05,3.1090909090909087e-07
2017-03-14 00:01:28,1.0,0.043625538342857144,0.0024672407547169824,0.0004086768656716417
2017-03-15 00:00:22,1.0,0.020802009476744186,0.009575091200000002,0.0013541155555555557
2017-03-16 00:00:05,1.0,0.04360058472826088,0.011935812941176472,0.0019312556
2017-03-17 00:00:22,1.0,0.07465360165745857,0.011529150930232558,0.001708962807017544
2017-03-18 00:01:43,1.0,0.07328864469273744,0.0143783455,0.0024463457407407404
2017-03-19 00:02:57,1.0035211267605635,0.05922160393063586,0.01668443705882353,0.002520900833333334
2017-03-20 00:00:18,1.0,0.06947547297142856,0.013426433404255318,0.002127036607142857
2017-03-21 00:01:32,1.0,0.06876815052325581,0.01154811307692308,0.0019483509090909093
2017-03-22 00:02:15,1.0,0.06298908404624275,0.01631833255319149,0.001593735333333334
2017-03-23 00:00:58,1.0,0.07338186959770111,0.014205483023255814,0.0021838261224489796
2017-03-24 00:00:16,1.0036496350364963,0.05759133348314609,0.013970995833333331,0.002277913125
2017-03-25 00:01:24,1.0037735849056604,0.12905258654970755,0.009871977954545457,0.0021087059999999997
2017-03-26 00:02:10,1.0070422535211268,0.06902022620689655,0.06531825779999997,0.012477623666666667
2017-03-27 00:00:50,1.0070671378091873,0.30197873153846155,0.20378415818181816,0.0219371949122807
2017-03-28 00:00:23,1.0277777777777777,0.2554697599425289,0.3697502849019608,0.0513251684126984
2017-03-29 00:01:11,1.0174216027874565,0.2684078718390803,0.6558386168085106,0.07307506166666666
2017-03-30 00:00:38,1.0,0.2891680117857143,0.7512623937254901,0.11274886059701494
2017-03-31 00:00:55,1.0035211267605635,0.40471000679999974,1.1283151920370373,0.19141879654545454
2017-04-01 00:01:39,1.1428571428571428,27.927010152048183,1.3779081296078426,0.27057683357142864
2017-04-02 00:00:54,1.1493055555555556,32.94378595377778,2.5541362945652173,0.2656901406451613
2017-04-03 00:00:59,1.2448979591836735,30.216299001466655,1.3223700708695652,0
2017-04-04 00:00:40,1.1409090909090909,18.963101752410726,2.327061582391304,0.47805419693548373
2017-04-05 00:07:47,1.0727969348659003,19.327363601999984,3.563544965945946,0.4499511770312499
2017-04-06 00:00:57,1.151624548736462,19.273091605590054,4.057240768518518,0.6995637591935484
2017-04-07 00:00:08,1.1090225563909775,21.941023192302637,3.9168888073469392,0.4653253193846154
2017-04-08 00:10:26,1.0648148148148149,19.480245986635516,4.7264460902222245,0.6262429682812499
2017-04-09 00:00:26,1.0588235294117647,10.317753777571426,4.901609428444444,0.5129190065277779
2017-04-10 00:09:04,1.0616438356164384,0,5.773594832777778,0.5479841665217391
2017-04-11 00:05:56,1.032258064516129,9.936205745076922,6.742573093555554,0.6855202312328768
2017-04-12 00:01:18,1.054054054054054,18.167990177486633,7.278567000612244,1.1839608255
2017-04-13 00:00:53,1.200836820083682,68.2807024168939,8.866421482790699,0.9200143693750003
2017-04-14 00:06:10,1.0267857142857142,0,6.803151702156863,0.999784182295082
2017-04-15 00:00:01,1.02803738317757,17.439704592924524,6.500834519574468,1.5348592478688523
2017-04-16 00:00:02,1.0086206896551724,30.617459585503877,7.77585037309524,1.1011303718032786
2017-04-17 00:00:41,1.1281138790035588,62.023558348087406,11.58563307255814,1.3515113578181814
2017-04-18 00:00:55,1.293103448275862,232.94883669785725,8.472901046304347,1.8755488256451607
2017-04-19 00:00:59,1.0827067669172932,63.757347411437934,17.107191468695653,1.749595433283582
2017-04-20 00:00:39,1.0975609756097562,97.28807434508666,8.827529824791666,1.3770702603030305
2017-04-21 00:02:55,1.1071428571428572,90.24937067150607,8.038547020588235,1.0774698249206354
2017-04-22 00:03:55,1.2166666666666666,66.56452145115385,12.359661848857144,1.4436177568656718
2017-04-23 00:01:10,1.173758865248227,114.71298110349107,6.354843845238095,1.2684586833802818
2017-04-24 00:03:08,1.2851985559566788,99.17842382162647,13.881270029787236,1.9416942215625006
2017-04-25 00:01:10,1.1321428571428571,82.62082673959065,8.558905802352943,1.911168950862069
2017-04-26 00:00:56,1.202054794520548,28.59455115456648,12.061145997916663,2.36335132887324
2017-04-27 00:02:43,1.3095238095238095,3.9108748865068503,20.90751451488888,1.7802364511475406
2017-04-28 00:00:26,1.1714285714285715,62.51564219442529,14.789369970200003,2.869644182857143
2017-04-29 00:00:05,1.2043795620437956,15.262395025688624,16.40916329836735,2.1388239332758623
2017-04-30 00:06:40,1.1802721088435375,44.904156523103424,17.244203229649123,2.5693079285714284
2017-05-01 00:01:31,1.2473867595818815,21.68705867894445,23.607773004423084,3.8501519038181824
2017-05-02 00:03:18,1.4087591240875912,98.88547223105266,22.745746972380953,2.391589685573771
2017-05-03 00:01:47,1.2241379310344827,71.56744261710986,24.62875731166666,2.6220619171014494
2017-05-04 00:05:36,1.2234042553191489,62.494319362443214,20.782860009999993,3.0804967277586206
2017-05-05 00:00:24,1.2050359712230216,45.36932011729415,26.068868592608688,3.604571786290322
2017-05-06 00:02:55,1.3857142857142857,37.14499767976189,28.41907714622223,3.362986343880597
2017-05-07 00:00:21,1.1578947368421053,61.25415888482957,30.881077878837207,5.026543958333333
2017-05-08 00:00:06,1.2083333333333333,126.1110239177778,36.11559566204082,4.930454573559324
2017-05-09 00:00:56,1.1472602739726028,112.6354331416292,32.328467078823536,3.847869383809524
2017-05-10 00:00:14,1.1333333333333333,111.57839646099441,35.382137035000014,6.260555846428572
2017-05-11 00:02:47,1.1236749116607774,84.3889653451446,34.32698808403847,4.321498476034483
2017-05-12 00:00:01,1.1906474820143884,81.92570118213874,34.67830137276596,5.761533398103447
2017-05-13 00:00:38,1.186131386861314,92.60448005154765,32.000895973333336,4.466194945937501
2017-05-14 00:05:31,1.2157534246575343,169.98265421050567,35.446156911224485,5.286588857692307
2017-05-15 00:00:16,1.1689655172413793,155.91736937554344,37.07846344900001,4.809316451969698
2017-05-16 00:01:13,1.1236363636363635,143.78254600933738,41.915210185319154,5.064848177580646
2017-05-17 00:00:09,1.2310344827586206,155.09070349130675,35.00187795927274,5.517430850169492
2017-05-18 00:01:23,1.1598639455782314,123.84996952238097,51.73084103363636,5.418407581707317
2017-05-19 00:00:31,1.1333333333333333,100.88398331791416,38.10601211666666,5.720805788548389
2017-05-20 00:00:30,1.1283783783783783,203.19868669755556,56.09196660580001,6.418925632727273
2017-05-21 00:00:03,1.2464285714285714,186.36287416409644,45.15243667204081,8.513972421846152
2017-05-22 00:00:12,1.2554744525547445,236.4282429872561,50.75944988704544,6.289129183787876
2017-05-23 00:02:27,1.2191780821917808,200.96105643491023,40.12261875033898,7.012343211969697
2017-05-24 00:00:26,1.2186379928315412,207.9515616650887,52.000285458823534,7.69245013322034
2017-05-25 00:00:44,1.289855072463768,157.22292802251525,61.242850847872326,6.4670179740909095
2017-05-26 00:05:29,1.1919191919191918,178.4379427941177,53.042051031372566,5.873662340526316
2017-05-27 00:01:02,1.125448028673835,208.16380865805706,78.84978720756096,8.61357820793651
2017-05-28 00:00:11,1.2534722222222223,142.56111573497074,62.650482196400006,5.8909264931343275
2017-05-29 00:00:15,1.240418118466899,185.78712858123606,40.97240114106383,7.807884548870969
2017-05-30 00:00:10,1.143884892086331,171.10082267304875,71.82453134755556,9.554987484202902
2017-05-31 00:04:50,1.1857142857142857,166.72344267924524,53.37511722,8.476242210133329
2017-06-01 00:08:55,1.189964157706093,184.88466961534587,81.01751668125,6.786627145555553
2017-06-02 00:01:41,1.1714285714285715,175.89212505199998,69.30305303102041,8.44036917257576
2017-06-03 00:24:32,1.3942652329749103,243.6249654359764,53.35934898795919,9.12276759426229
2017-06-04 00:06:45,1.48,240.02212901474448,46.523836817674415,6.5923116672857125
2017-06-05 00:02:42,1.3686274509803922,241.030143161096,43.13402581212765,7.760139306129031
2017-06-06 00:00:18,1.3146551724137931,173.30580586615986,73.44688801363637,9.710025184761903
2017-06-07 00:01:45,1.2546816479400749,183.88626948250004,66.8922419548936,7.420907751833332
2017-06-08 00:00:06,1.260377358490566,207.56361532591197,71.79472458477272,7.207836956451611
2017-06-09 00:03:00,1.0886075949367089,192.35642180606303,76.12378535048781,7.893078911739132
2017-06-10 00:01:57,1.1719298245614036,205.08526494781614,57.90795364,8.37102667017544
2017-06-11 00:00:50,1.1683501683501682,172.22047693357948,56.92699139860466,6.792657057820513
2017-06-12 00:01:46,1.213768115942029,221.25321721673077,51.799272604038464,8.27162938588235
2017-06-13 00:00:39,1.0955882352941178,183.98984589361277,52.962455063200004,8.552185152835822
2017-06-14 00:00:30,1.1488549618320612,140.79682998503498,56.23388673857146,7.210352275857144
2017-06-15 00:03:51,1.1802575107296138,147.7445640062711,65.00141932844443,9.384148524285715
2017-06-16 00:00:13,1.2522522522522523,157.58712711779665,81.09639996238096,8.773791823225805
2017-06-17 00:05:06,1.221774193548387,162.3765128244697,56.354221356730804,9.90764766578125
2017-06-18 00:06:10,1.3053097345132743,141.8501385312295,62.263346153414645,12.759903379523811
2017-06-19 00:01:04,1.2862190812720848,100.8120578859524,79.52423271836734,12.337700892424241
2017-06-20 00:00:02,1.277056277056277,108.51336702975202,102.48327621782609,12.499062029843756
2017-06-21 00:05:37,1.1711026615969582,159.86947074576926,74.07494946574467,9.740843528
2017-06-22 00:00:30,1.2265625,157.96302039449614,55.296629475348816,6.320528434047619
2017-06-23 00:00:39,1.3127413127413128,177.12460439662337,67.99279370302324,8.469337477741936
2017-06-24 00:03:48,1.3008474576271187,179.9838515190909,56.66443068117647,7.62912209984375
2017-06-25 00:00:52,1.2425742574257426,152.13817261873567,82.17018436276597,9.893461442647062
2017-06-26 00:06:30,1.3122171945701357,192.75479719384612,67.53630036833334,10.101841725072463
2017-06-27 00:00:16,1.3022388059701493,141.9519082712579,82.26440394903845,10.36370955263158
2017-06-28 00:00:40,1.3166666666666667,149.794198877482,62.12744703456519,9.741555287090907
2017-06-29 00:00:01,1.3231441048034935,148.57144494267848,64.53409809634614,8.519436993692308
2017-06-30 00:02:51,1.3464566929133859,151.1129944783784,58.02087718866668,10.20841057
2017-07-01 00:06:53,1.2376681614349776,149.27280285557688,52.78927514714287,8.875941912857144
2017-07-02 00:00:15,1.2573839662447257,175.45408756634333,55.90566488833332,9.352895623934426
2017-07-03 00:00:14,1.3261802575107295,153.6602227876744,69.76542930627453,8.622825392264149
2017-07-04 00:02:43,1.3505535055350553,109.68145633092715,86.03706754933334,9.177851396933336
2017-07-05 00:01:27,1.2967479674796747,109.8547440570543,63.30939459961538,10.298536416769235
2017-07-06 00:03:37,1.3388429752066116,104.04087632606556,79.44164685211538,9.52936814764706
2017-07-07 00:00:40,1.2325581395348837,102.99404703017858,84.05823150710526,9.41511602246154
2017-07-08 00:00:11,1.2326530612244897,112.47027463176471,78.24658054629629,12.582831209454543
2017-07-09 00:00:06,1.2058823529411764,112.70542186026142,71.24683560562501,9.991767805915492
2017-07-10 00:01:42,1.2124542124542124,106.1438966782468,81.1402432484,10.676241179130434
2017-07-11 00:01:09,1.370748299319728,109.6792113365168,58.01432999411765,9.211208968769228
2017-07-12 00:08:24,1.3620071684587813,98.16417575096969,60.25240170098039,9.39996554634921
2017-07-13 00:00:58,1.3973799126637554,92.73569457073172,73.14905131347825,12.162425470999997
2017-07-14 00:01:58,1.2826086956521738,99.15260317848478,72.79507531666667,8.836026134444445
2017-07-15 00:05:07,1.360730593607306,66.34923673423427,77.64737214895833,14.065530846833335
2017-07-16 00:00:23,1.4102564102564104,86.57139077600002,82.92066553679244,10.998693604626865
2017-07-17 00:11:26,1.1153846153846154,55.02710028783505,98.70543681347827,10.771570164153845
2017-07-18 00:02:46,1.4385964912280702,0,99.33846694638298,11.277158167910441
2017-07-19 00:07:14,1.3416666666666666,83.69083334,84.35582693826922,13.992762678253966
2017-07-20 00:02:20,1.3143939393939394,99.2636041309091,99.38854651581396,15.173570097910453
2017-07-21 00:09:25,1.254980079681275,66.34425940864284,133.32865187119046,11.537319341304345
2017-07-22 00:04:44,1.2610441767068272,111.13856936649255,81.30397136941177,10.756877427500003
2017-07-23 00:08:09,1.3074204946996466,134.66646321116963,122.1282853373469,12.965979195555548
2017-07-24 00:00:34,1.3179916317991631,124.515498859854,77.67350312956522,16.613996098749993
2017-07-25 00:00:00,1.2892561983471074,130.86516800122953,76.49649967599997,12.147237015142855
2017-07-26 00:13:36,1.199288256227758,99.67732854769228,75.06443349940474,11.34636349253731
2017-07-27 00:00:32,1.3673469387755102,133.5252914818103,102.49543017877548,14.09779592537501
2017-07-28 00:01:08,1.28719723183391,136.98643789766078,105.58016560145832,13.724559244571426
2017-07-29 00:01:38,1.316546762589928,121.26273378251499,100.93669182181814,16.460797447313432
2017-07-30 00:04:37,1.2610441767068272,130.3267731128758,157.02623038803924,26.539481863999995
2017-07-31 00:08:15,1.3120567375886525,137.33226553837665,88.79978531641507,14.564648454799995
2017-08-01 00:07:42,1.3333333333333333,139.4180949205161,117.89566506822224,14.018789673561644
2017-08-02 00:02:17,1.2763636363636364,145.52085710537978,97.2189539005769,14.085498210461541
2017-08-03 00:03:23,1.3549488054607508,146.41290148166658,94.5495991372093,11.632394549428572
2017-08-04 00:10:27,1.3102189781021898,154.93427612790111,112.62883745469388,15.509635553174602
2017-08-05 00:09:42,1.2740740740740741,180.02147090013707,92.14102949518518,16.25761022742857
2017-08-06 00:01:06,1.2846715328467153,183.01521900068738,97.89615374390246,15.114278806849311
2017-08-07 00:00:26,1.3049645390070923,168.23218023619884,114.62481309846156,15.85470232864407
2017-08-08 00:00:14,1.220408163265306,139.50785451704223,130.16276825456526,18.668962108245612
2017-08-09 00:01:13,1.2743682310469313,135.91930665071948,82.07415883558825,14.042887311714285
2017-08-10 00:02:10,1.2014388489208634,176.80590899213414,114.75555743276595,18.69541536985075
2017-08-11 00:03:58,1.2437275985663083,189.40491218289156,108.1549516926087,16.731059265223884
2017-08-12 00:05:50,1.4558823529411764,203.34382105141933,102.26485331541666,19.59242172130435
2017-08-13 00:03:35,1.288808664259928,174.3986386389635,103.10640099499999,18.836844379672133
2017-08-14 00:00:09,1.2250922509225093,175.4762127973125,145.47921595404256,13.873180964218752
2017-08-15 00:04:03,1.275735294117647,161.8723573620755,152.137788675,17.740706942535216
2017-08-16 00:03:48,1.2878228782287824,142.59036978179012,119.40739197837212,15.18733705666667
2017-08-17 00:00:13,1.2093862815884477,160.34895158626506,107.55097129127662,21.54800303171875
2017-08-18 00:01:41,1.2724014336917562,155.21930611931245,120.19455639021737,17.231458305342464
2017-08-19 00:03:07,1.1992619926199262,147.19702516754603,110.67691299102039,13.61298651677966
2017-08-20 00:00:56,1.220532319391635,156.605115216732,117.84160889911107,17.471456606461533
2017-08-21 00:03:52,1.2669172932330828,153.75988966993455,128.86657871599996,18.691260191269844
2017-08-22 00:05:15,1.213740458015267,160.1337230426027,115.05657666,17.715101852714294
2017-08-23 00:14:06,1.232,146.856350754186,127.62889921979591,21.812911116805555
2017-08-24 00:00:21,1.2045454545454546,140.6011154928477,134.18452537595746,16.190002292272727
2017-08-25 00:00:22,1.2302405498281788,150.74246266502865,112.76684462333333,16.01933857926471
2017-08-26 00:03:47,1.2518248175182483,194.41263333270442,109.61361460849061,16.36652340290322
2017-08-27 00:01:08,1.1971830985915493,165.06013770089294,145.37438691254542,19.37987203098361
2017-08-28 00:01:51,1.2714285714285714,199.03335546082369,130.19766494882353,16.39607110949153
2017-08-29 00:00:03,1.3003533568904593,195.24924812905874,126.05457664673911,18.77113788462686
2017-08-30 00:02:58,1.2527075812274369,286.0286639550297,143.05090093755106,19.732323352881362
2017-08-31 00:00:47,1.3159851301115242,240.12542657734568,121.4579283069388,14.46508074327586
2017-09-01 00:07:10,1.5335820895522387,381.04389373220687,118.30373608893616,17.435627150921057
2017-09-02 00:00:04,1.402135231316726,296.6845989548194,142.25840352069773,17.601239535
2017-09-03 00:02:01,1.5126353790613718,351.04263044792674,131.65728584879997,20.18755736412698
2017-09-04 00:00:58,1.534798534798535,497.93648696372696,131.00308095765956,15.552294855384615
2017-09-05 00:00:17,1.3344594594594594,530.928599177181,119.53001659697674,19.28313012169231
2017-09-06 00:00:16,1.3154121863799284,510.3853523871263,148.83966040187497,21.66446981929824
2017-09-07 00:00:03,1.2335766423357664,492.6766885383853,147.3334514839216,16.5008600133871
2017-09-08 00:00:05,1.3404255319148937,470.676126387576,157.09269348518515,27.923849947936514
2017-09-09 00:00:18,1.3745583038869258,462.1282188188754,140.81415744057688,16.42313176048387
2017-09-10 00:02:40,1.2919708029197081,427.97045343333315,120.89609694936168,21.664793345357143
2017-09-11 00:00:10,1.4234875444839858,485.63029425614445,173.33972496723396,24.375779124558818
2017-09-12 00:00:39,1.364620938628159,478.3083092337213,133.12051577413044,19.253071677966094
2017-09-13 00:02:03,1.3900709219858156,443.57293763779035,133.33740875312506,21.18651298500001
2017-09-14 00:03:00,1.2444444444444445,391.81713648079483,144.82191603340425,23.22933406805556
2017-09-15 00:01:02,1.2414965986394557,415.7243487159662,113.77808009166665,17.93575874414286
2017-09-16 00:02:04,1.1543624161073827,202.82603921016405,121.22406494113642,19.287227860140852
2017-09-17 00:00:15,1.2425249169435215,375.17072030290507,158.1119438158,25.58414356597222
2017-09-18 00:01:33,1.3956043956043955,518.27242049825,155.52681430420003,21.120625530476193
2017-09-19 00:00:05,1.2125435540069687,388.17291488117337,168.01629326559998,24.64064672844828
2017-09-20 00:01:47,1.2435424354243543,432.91985533630077,145.2681679026829,19.572554257017547
2017-09-21 00:00:32,1.2562277580071175,508.8769988197558,137.9059909,17.723533684305558
2017-09-22 00:00:16,1.3006993006993006,540.9090417632747,141.61050331956523,23.56178485855072
2017-09-23 00:00:28,1.2974910394265233,508.43460577369046,174.45888706674413,16.27551804617647
2017-09-24 00:00:20,1.302405498281787,573.5234130044195,182.96887834627907,25.70828942343283
2017-09-25 00:00:08,1.2733812949640289,510.02618994562124,155.79829696217394,21.535698887142853
2017-09-26 00:09:38,1.304054054054054,593.2213521099997,156.47570701843134,22.131448450454553
2017-09-27 00:05:35,1.337037037037037,650.222851478012,133.9861884830435,26.575679947068963
2017-09-28 00:03:56,1.3181818181818181,627.6997157399434,185.6411751968,25.989468440508475
2017-09-29 00:08:13,1.2444444444444445,603.204527673913,248.89710760749998,25.50699130606557
2017-09-30 00:01:19,1.338235294117647,641.4495576489999,168.88400944399993,30.37928252903226
2017-10-01 00:03:11,1.3601398601398602,624.5803168425597,151.34805785999995,26.337686756285716
2017-10-02 00:01:16,1.3537906137184115,638.7131927096408,143.9907781343182,21.183891859242426
2017-10-03 00:02:46,1.2996632996632997,618.9402508950569,181.613653333,26.86084919661971
2017-10-04 00:01:46,1.2374100719424461,590.0860490212422,180.043689613,27.936936859322028
2017-10-05 00:02:16,1.3180212014134276,614.4896875351764,157.08456447632656,22.797680409062494
2017-10-06 00:01:19,1.3055555555555556,612.4347359291669,148.93904099083332,16.368329957222223
2017-10-07 00:01:07,1.2937062937062938,613.0497281355237,141.111186992,27.71545808234374
2017-10-08 00:01:43,1.2206896551724138,544.7976749159886,175.8687652528846,20.665721056557377
2017-10-09 00:01:16,1.4444444444444444,578.6546563208473,162.5055870865306,19.609149493225807
2017-10-10 00:00:28,1.3789473684210527,545.1029580433708,144.45650706291667,25.312411273559324
2017-10-11 00:01:35,1.3242320819112627,467.4005160705981,160.9542408633333,20.709288360156247
2017-10-12 00:00:15,1.2491103202846976,633.4945140784706,179.9745252780392,30.61467683116666
2017-10-13 00:00:43,1.248299319727891,684.7325451868609,147.23273691857145,27.26403708342465
2017-10-14 00:05:14,1.2972027972027973,481.9240962127119,195.0218933438298,23.849675416290324
2017-10-15 00:00:00,1.1923076923076923,465.1756082770719,208.79894959166668,24.911318844912284
2017-10-16 00:01:43,1.2627986348122866,485.9978349651686,191.1868965366667,23.213004119428565
2017-10-17 00:05:04,1.2972027972027973,489.0879233254447,193.1120296138095,30.98573048640626
2017-10-18 00:00:49,1.313868613138686,543.9227029810611,200.19784954399998,28.508508728181827
2017-10-19 00:01:58,1.2695035460992907,649.5556031207776,187.71876576591836,26.165558609999998
2017-10-20 00:00:42,1.303886925795053,551.5015990138421,140.13600386450983,23.676623748000004
2017-10-21 00:00:49,1.35,510.9968224398339,182.6288312209616,22.852369377910456
2017-10-22 00:00:25,1.3298245614035087,520.2363149172378,188.08016035926826,22.931219683968266
2017-10-23 00:00:31,1.2059800664451827,541.224168397826,167.01184738553192,19.760818209142855
2017-10-24 00:01:20,1.2358803986710964,504.7973704175,183.52061627729165,25.978309053692303
2017-10-25 00:00:31,1.2326388888888888,531.9815424380337,227.62987706586964,25.983336030625008
2017-10-26 00:05:34,1.2241379310344827,699.4527062031078,186.95148761391303,24.686450540298505
2017-10-27 00:00:58,1.3131313131313131,567.2558842530981,218.47874308102038,29.385886449218752
2017-10-28 00:01:52,1.167832167832168,619.8716861873771,243.3041272479545,33.807021661864404
2017-10-29 00:01:22,1.2890365448504983,507.2040290844973,211.25742936934788,29.33582563636364
2017-10-30 00:00:55,1.3047945205479452,559.2004760377838,201.62952399625,25.653736894406777
2017-10-31 00:00:22,1.2993197278911566,620.2519590397814,180.88002624886366,31.272646937164183
2017-11-01 00:03:37,1.2941176470588236,652.8940355609944,194.97517083409093,26.240859554218755
2017-11-02 00:00:46,1.332191780821918,582.5629422551351,218.86063182315795,27.583567385797096
2017-11-03 00:03:40,1.3790613718411553,557.0628963483615,191.67352916846156,21.757091741803286
2017-11-04 00:01:10,1.3044982698961938,465.87723024022216,202.83012740730769,33.63356435473684
2017-11-05 00:03:16,1.2593856655290103,574.1190588927376,232.07320967346934,36.3388882036923
2017-11-06 00:00:46,1.287719298245614,530.7471295387003,232.30767404925,29.663216619264706
2017-11-07 00:00:07,1.2822299651567943,973.5203701345765,232.89199800830187,26.526439145964915
2017-11-08 00:01:02,1.2331081081081081,681.514816792069,221.6198665108,21.81798110069444
2017-11-09 00:01:56,1.2627986348122866,584.2871746802872,216.1163995947917,28.610252930281693
2017-11-10 00:01:49,1.3576158940397351,596.3797175309344,195.23040153209303,23.3431122864935
2017-11-11 00:01:06,1.277027027027027,638.4291106769833,224.32280336693876,22.403746907500004
2017-11-12 00:00:51,1.2431506849315068,618.4594341935757,206.62279723607847,26.341635362419336
2017-11-13 00:00:27,1.182456140350877,841.7779560804548,182.62995124659085,28.202455976615386
2017-11-14 00:04:00,1.2607260726072607,599.344616667039,157.2533485243137,23.948180901506845
2017-11-15 00:00:19,1.3457627118644069,698.9036754471094,167.0920366427083,20.589391836216226
2017-11-16 00:01:00,1.1895424836601307,653.20710588489,198.40602340964293,28.78078563647059
2017-11-17 00:00:51,1.2445255474452555,622.5306639351722,239.2703402039535,23.685242565964916
2017-11-18 00:05:22,1.3006993006993006,523.3362741759319,238.17881355106383,28.652046136290323
2017-11-19 00:04:40,1.2040816326530612,622.5171418903312,247.71385240470588,35.85214536806449
2017-11-20 00:00:34,1.273037542662116,628.9604888891803,160.27527579333335,27.560722619354834
2017-11-21 00:04:45,1.2919463087248322,614.2506520211729,207.99206631530612,24.016478927571427
2017-11-22 00:00:56,1.3367697594501717,609.1384736507612,165.21085042479163,24.289273564576266
2017-11-23 00:01:42,1.3095238095238095,706.5604297871115,181.1467155053704,31.13894474033333
2017-11-24 00:06:25,1.3556338028169015,687.1272273360674,189.23231332102046,26.730475494210527
2017-11-25 00:00:31,1.3531468531468531,628.3172412231106,157.66782981680853,35.41693960118645
2017-11-26 00:00:40,1.3013245033112584,561.6052953108555,193.55440947632647,22.243416917424234
2017-11-27 00:06:26,1.2852112676056338,622.7098685368505,192.8302008020455,23.15460468932203
2017-11-28 00:00:05,1.4205298013245033,596.0045620703243,212.35133067000004,26.291357475074626
2017-11-29 00:01:23,1.4214046822742474,625.7433659831872,227.202467232,28.686441815820885
2017-11-30 00:00:19,1.4059405940594059,593.1508492839157,189.3754639819512,23.321146280684932
2017-12-01 00:00:13,1.2975778546712802,737.2205943088826,201.6185541395,31.157239584571425
2017-12-02 00:00:22,1.356164383561644,644.7669229026703,207.713093701,38.05706535254902
2017-12-03 00:01:30,1.265993265993266,699.9977319696721,243.5471005635294,30.28657938888889
2017-12-04 00:02:01,1.4247491638795986,851.5402441814289,207.85483064108695,33.78978332619719
2017-12-05 00:00:22,1.395973154362416,688.8748705225415,189.62357966555558,31.97130211428572
2017-12-06 00:00:37,1.3227848101265822,695.2182727451077,132.27035679847458,27.095771646056335
2017-12-07 00:01:06,1.4390243902439024,832.3203477525826,195.2457813833333,27.688825713508773
2017-12-08 00:06:48,1.3835616438356164,1143.1297674196228,185.26185709708332,27.938609946034486
2017-12-09 00:00:43,1.3804713804713804,944.8626469446331,185.42582524596148,24.747847767058825
2017-12-10 00:02:15,1.4306049822064058,944.0991185590913,186.3009117908333,31.717320767192977
2017-12-11 00:02:32,1.490066225165563,879.5401547779792,197.21418932099996,23.93492110166667
2017-12-12 00:01:02,1.3553459119496856,786.4570813725345,200.80916722818182,27.818330964736834
2017-12-13 00:00:41,1.3478260869565217,663.3513246889099,215.3114856824444,31.302139024090916
2017-12-14 00:00:44,1.3785714285714286,636.0306026478617,201.13902986511624,33.908936478281255
2017-12-15 00:00:49,1.4066666666666667,625.6011986819336,213.6373271279592,22.314935532
2017-12-16 00:00:14,1.3311036789297659,762.8303049533334,231.59255171877547,28.168145301492544
2017-12-17 00:02:10,1.468013468013468,706.2331396546523,227.0601723190476,38.36843534882353
2017-12-18 00:00:15,1.4104234527687296,729.3570734413436,226.22557953413042,36.175135528000006
2017-12-19 00:02:38,1.3548387096774193,870.348369899617,186.71983297217392,24.230334787619046
2017-12-20 00:01:43,1.538709677419355,856.0055164007852,231.664620685,25.80666710257576
2017-12-21 00:02:05,1.565359477124183,778.4606604905102,180.94915736000004,26.66497753984848
2017-12-22 00:00:38,1.6019417475728155,1134.131758690765,249.09357012960783,33.8770170816129
2017-12-23 08:56:31,0,0,0,0
2017-12-24 01:49:29,2.1772151898734178,0,8.115457526415094,4.509355734230771
2017-12-25 00:02:48,1.0,0,4.361495261538462,0.7115173906122447
2017-12-26 00:00:47,1.5342465753424657,592.503088212111,67.59749226254903,7.802492892950818
2017-12-27 00:08:30,1.118081180811808,634.1650160924853,97.51095355295456,14.27774134962963
2017-12-28 00:03:59,1.0842490842490842,721.8694383694884,105.0191076977273,16.73969828132076
2017-12-29 00:00:06,1.1010452961672474,707.1446010332,88.75063912274511,15.626209892131147
2017-12-30 00:02:04,1.1791044776119404,1620.724324056258,106.59295349933335,16.476064454166664
2017-12-31 00:01:54,1.2893772893772895,1173.2377420499388,135.7883697186,23.043128016
2018-01-01 00:03:54,1.24,1515.490985180936,143.21838149039993,23.464081094259264
2018-01-02 00:00:40,1.210727969348659,1246.6742039042238,143.37447459133332,20.393528349272724
2018-01-03 00:01:02,1.22007722007722,1305.8541998138999,137.70328027956518,26.443717159814817
2018-01-04 00:02:44,1.1494252873563218,1421.5765607743976,146.0085117736956,23.682316980204085
2018-01-05 00:02:51,1.2065217391304348,1417.134612824497,155.26703439539997,26.680694574385967
2018-01-06 00:02:35,1.3037037037037038,1433.3164343457486,153.26700471625,26.358521431090907
2018-01-07 00:00:30,1.2611940298507462,1558.4860050950301,168.73054615265306,25.258256521346155
2018-01-08 00:04:42,1.3197026022304832,1914.687996938659,186.90030830759994,24.62457413963637
2018-01-09 00:05:09,1.332046332046332,2389.0468945949083,179.4869148978049,28.32375828672727
2018-01-10 00:00:45,1.3647058823529412,2159.4391737337583,165.81085977857137,19.085713462063495
2018-01-11 00:02:34,1.3396946564885497,2251.7380424168905,147.31421676767442,27.343828200727273
2018-01-12 00:02:18,1.367816091954023,1650.1808272038265,176.92841750500003,27.41669447632653
2018-01-13 00:01:52,1.3726235741444868,1738.7123429790865,153.89206817399997,27.618120665
2018-01-14 00:05:15,1.2977941176470589,1807.9805791062877,160.3337479554902,27.03837365499999
2018-01-15 00:00:43,1.218978102189781,1651.6962446962127,189.4020874078724,23.406023468448275
2018-01-16 00:01:46,1.4264705882352942,1763.1678361697657,122.60798291291668,24.32247230203704
2018-01-17 00:04:10,1.369811320754717,1249.9833106668236,190.14329810731712,24.130757086666662
2018-01-18 00:01:40,1.326007326007326,1400.8309815667055,153.38322989862743,25.591947412500005
2018-01-19 00:00:09,1.2307692307692308,1650.8585528019132,178.28985589874998,26.76883481913793
2018-01-20 00:02:59,1.3294117647058823,1445.2924813413251,141.51910314699998,28.262363688518526
2018-01-21 00:06:02,1.3,1575.9772902907453,185.60375806130432,35.823267861132074
2018-01-22 00:05:52,1.2346153846153847,1639.6151578716879,208.02551433583332,26.077995667499998
2018-01-23 00:00:27,1.2706766917293233,1652.2783205870303,176.85370763046507,20.865711782241377
2018-01-24 00:00:01,1.4076923076923078,1600.3474643712807,185.9729432970213,23.779098319795928
2018-01-25 00:00:15,1.3394833948339484,1384.0989003471095,194.6124093704546,29.955016257592593
2018-01-26 00:00:51,1.3134920634920635,1907.6234265878945,176.2042890991489,33.08392368471698
2018-01-27 00:02:38,1.411320754716981,1459.9002582291669,191.0822463969388,24.249674283125003
2018-01-28 00:02:49,1.3468634686346863,1505.3710423965244,147.43993782865388,24.82043119218182
2018-01-29 00:01:20,1.3,2100.5822263629775,161.7487073887234,32.292074246727275
2018-01-30 00:00:20,1.218045112781955,1855.8704935481549,188.1210515659523,25.340917510000008
2018-01-31 00:00:13,1.3120300751879699,1677.8872743667066,182.6695218962791,35.935075909661
2018-02-01 00:00:24,1.2083333333333333,1615.7788542912729,199.25432343133338,30.12468456814815
2018-02-02 00:03:46,1.293040293040293,1535.9523733337953,165.51459181191493,23.928015115166662
2018-02-03 00:00:22,1.4080882352941178,1804.8016764007402,160.2168252731482,23.839870903214287
2018-02-04 00:00:44,1.2981132075471697,1721.0755334876965,155.4122437918605,19.112800290526312
2018-02-05 00:01:29,1.3430656934306568,1362.9601788660234,151.819672232093,23.660648015166664
2018-02-06 00:08:05,1.3486590038314177,1337.0425390405294,162.56290525975004,29.59054018882354
2018-02-07 00:02:13,1.3874538745387455,1334.089821340853,232.9711354678261,22.81514210770492
2018-02-08 00:01:35,1.2412451361867705,1218.3282340302505,146.8331614530612,26.537990807916657
2018-02-09 00:05:34,1.248091603053435,1306.3788729234966,148.92094424702128,31.504617081923072
2018-02-10 00:00:36,1.3909774436090225,1318.4042215434972,170.89032342818186,21.453261685254247
2018-02-11 00:00:20,1.255639097744361,1301.1293991598195,182.4714323861905,29.024586666034484
2018-02-12 00:04:24,1.2985611510791366,1318.1453571368206,172.78701182897964,26.736905867321433
2018-02-13 00:00:15,1.2918287937743191,1448.2899828000627,158.298795286087,21.403979289615386
2018-02-14 00:02:56,1.294776119402985,1394.5421647158923,156.55389284187498,28.99647092134616
2018-02-15 00:00:44,1.193798449612403,1047.0819851700626,156.85361346791663,20.769302269399997
2018-02-16 00:01:55,1.3429602888086642,1483.9758216725709,154.68413834022223,26.6308065431579
2018-02-17 00:01:41,1.2290076335877862,1444.2376018476773,158.6350361812,25.658460781578952
2018-02-18 00:02:16,1.1962962962962962,1297.8393006197662,141.3736676376596,28.22052135288462
2018-02-19 00:00:32,1.224264705882353,1164.7972945768045,182.21003531195652,35.073699042456134
2018-02-20 00:15:42,1.231372549019608,1280.1296744744743,154.49910753749998,36.347277374
2018-02-21 00:04:17,1.3185483870967742,1169.3924058530317,174.30787433086954,27.263509900425532
2018-02-22 00:00:16,1.2958801498127341,1112.3187329976652,136.0586958047826,34.72334800111111
2018-02-23 00:00:31,1.1474820143884892,1162.212903368439,192.75167139423078,32.46620054283018
2018-02-24 00:00:23,1.2564102564102564,1213.5564816801743,210.959658565,31.03181258436363
2018-02-25 00:08:42,1.25,1160.8541764842234,215.8740187120408,31.109166135600002
2018-02-26 00:06:13,1.2183908045977012,1127.1823378395538,276.5677277912767,42.32670105105264
2018-02-27 00:03:17,1.2813688212927756,1081.4966354382666,166.83360875760002,33.8093349084127
2018-02-28 00:00:04,1.2261904761904763,1160.2412155509498,192.1248220472093,37.33859938862746
2018-03-01 00:00:19,1.2129277566539924,1253.402415636296,298.2759121626667,31.84002264124999
2018-03-02 00:01:15,1.3099630996309963,1361.075060854337,184.39827897541662,27.090572733508786
2018-03-03 00:02:38,1.3410852713178294,1591.689162775617,246.19259181717942,31.80154757526316
2018-03-04 00:01:56,1.2775665399239544,1475.6296502562657,181.34861894941173,24.853514991296294
2018-03-05 00:06:18,1.2596899224806202,1389.0163809998749,131.39426616955555,34.91018540660377
2018-03-06 00:00:46,1.2738095238095237,1314.3281237591777,161.1375841723913,31.242243871041666
2018-03-07 00:00:48,1.241509433962264,1294.9004141156734,157.1617620108889,24.50714329448979
2018-03-08 00:01:13,1.3036437246963564,1240.4773433194375,143.2981189021739,20.58744336932203
2018-03-09 00:02:20,1.2307692307692308,1341.2954431956553,195.23573816190478,28.542682685000003
2018-03-10 00:05:43,1.2162162162162162,1307.5878544034567,146.5185963006383,34.0195248944
2018-03-11 00:01:35,1.3357933579335792,1252.5910433716274,209.88232443613643,26.00612108272728
2018-03-12 00:03:33,1.2644927536231885,1333.145724668736,176.4007481,30.01914122357143
2018-03-13 00:03:15,1.226923076923077,1337.9956786701175,163.42848326785716,31.480779366666667
2018-03-14 00:00:19,1.2169117647058822,1419.5475036190528,199.9528070446,30.972879781698115
2018-03-15 00:01:26,1.2,1518.4789029165884,159.6748753446154,20.503884210172412
2018-03-16 00:03:56,1.1637010676156583,1207.5606567658929,178.60433071431373,19.4851972833871
2018-03-17 00:00:05,1.1702898550724639,1273.7628586349706,201.0236541502127,30.828405459666666
2018-03-18 00:04:24,1.1904761904761905,1335.9999689650583,176.28190040787229,43.16432663839286
2018-03-19 00:02:35,1.1856060606060606,1337.8676157603606,173.42804161866664,34.23766119283018
2018-03-20 00:07:39,1.210727969348659,1530.031363542485,146.20335152318182,30.892814198124995
2018-03-21 00:06:24,1.2055749128919862,1478.6545018695274,143.49839247887095,29.221367174642857
2018-03-22 00:04:11,1.250909090909091,1411.2161047758818,198.99073392872344,25.336970085344827
2018-03-23 00:00:17,1.1948529411764706,1278.552138275348,162.3278444246939,29.22508243019609
2018-03-24 00:03:19,1.2167832167832169,1228.1182689805178,153.7596670846939,22.069072619999996
2018-03-25 00:00:05,1.1925925925925926,1407.3630096765492,128.47209533022726,27.118815137454558
2018-03-26 00:04:42,1.2490706319702602,1482.040145041829,177.26751795615382,27.269744571132076
2018-03-27 00:00:26,1.2444444444444445,1529.3418814585116,184.29681750359998,24.304679851923076
2018-03-28 00:00:32,1.2761194029850746,1551.0728634029522,180.2776810693478,29.44742486357142
2018-03-29 00:02:28,1.1535580524344569,1676.676613271636,151.14387104152175,20.844766587741933
2018-03-30 00:00:01,1.1623616236162362,1628.437625597501,165.464379176383,21.83789381303572
2018-03-31 00:00:02,1.2424242424242424,1649.9982845949703,120.829150455,29.74691997911111
2018-04-01 00:01:48,1.1777777777777778,1838.1783746193526,167.68246454723402,27.80148885716981
2018-04-02 00:00:18,1.200716845878136,1641.375493764244,151.6494272717391,22.58502516688525
2018-04-03 00:02:36,1.2463768115942029,1762.4702956853207,155.81280204369563,20.141438302542372
2018-04-04 00:00:59,1.1897810218978102,1767.0872743336042,158.4036985006522,26.04035704678572
2018-04-05 00:03:29,1.176678445229682,2310.0389314246913,124.53589187750003,21.452340430344822
2018-04-06 00:01:46,1.1691176470588236,2068.2796926863634,170.80255297522726,23.300914321538468
2018-04-07 00:00:33,1.2518518518518518,1957.5473088778233,149.23174161232558,31.934185508070176
2018-04-08 00:00:19,1.176678445229682,1772.3085530939998,135.8262511266,29.235866434137925
2018-04-09 00:01:33,1.1654411764705883,1892.1285629386564,171.28980143727273,19.952727746315787
2018-04-10 00:00:00,1.1672862453531598,1981.0520271371504,161.6553748514584,25.48211520489796
2018-04-11 00:02:33,1.2509225092250922,1940.2827379111243,159.67349345960784,23.225721971176476
2018-04-12 00:03:13,1.2344322344322345,1979.443771293691,152.7192433956522,21.39852133711864
2018-04-13 00:05:41,1.224264705882353,2165.9331483387427,150.19139779399998,27.877223692545446
2018-04-14 00:00:23,1.308550185873606,2451.5574487383838,138.35780844886364,24.669872976034476
2018-04-15 00:01:50,1.2727272727272727,2402.95209263538,170.51043514355553,22.832945676249995
2018-04-16 00:02:22,1.2892857142857144,2402.703143792935,107.97001694046155,22.55771280416666
2018-04-17 00:00:06,1.1886792452830188,2531.422014381976,126.81510279888889,20.726222214339618
2018-04-18 00:01:36,1.2050359712230216,2371.756361040709,135.4611047179592,19.160441965833336
2018-04-19 00:01:18,1.2193308550185873,2389.177221551822,156.6708462864445,24.740692687592595
2018-04-20 00:00:04,1.2407407407407407,2370.3975193318224,176.75673674871794,20.69176801639345
2018-04-21 00:08:51,1.1831501831501832,2262.6053994457316,178.97027920854165,24.25925407925926
2018-04-22 00:06:43,1.2290076335877862,2274.5440548337647,151.69257890666665,29.256864912363643
2018-04-23 00:00:41,1.3161764705882353,2219.3033329966675,183.70358546613633,22.391013829666665
2018-04-24 00:01:31,1.2352941176470589,2364.3135297126505,157.20193039176473,26.582104485090902
2018-04-25 00:00:26,1.3082437275985663,2348.1396158506254,167.46594367217395,20.703343918070175
2018-04-26 00:00:35,1.294776119402985,2305.705165484706,168.87837316239134,21.46838515538462
2018-04-27 00:06:48,1.297709923664122,2268.58492771884,144.38791608023257,26.221134459999988
2018-04-28 00:01:41,1.2904411764705883,2563.8929564365135,172.90023080093022,31.844458240740746
2018-04-29 00:03:04,1.400749063670412,2474.022065746062,178.88568136586957,21.733274981428572
2018-04-30 00:02:30,1.2686567164179106,2508.320343780297,142.91356892863635,22.308038020892862
2018-05-01 00:02:36,1.3345864661654134,2351.3780002534722,127.83464672152175,31.51459320188679
2018-05-02 00:01:00,1.5018587360594795,2382.681894002993,147.24004651836734,22.620453655094337
2018-05-03 00:04:27,1.5671641791044777,2702.9616101566457,139.30369914708336,24.448378175849054
2018-05-04 00:00:52,1.5223880597014925,2373.4698048587647,198.1257111412501,30.9689172334
2018-05-05 00:03:41,1.5243445692883895,2448.2797719872474,216.66104735795463,35.14804842660713
2018-05-06 00:00:00,1.6145454545454545,2140.592955489455,166.89509167499997,23.20960056586207
2018-05-07 00:07:32,1.4584837545126355,2113.368567076706,154.7490204519149,25.712055481587292
2018-05-08 00:05:51,1.4681647940074907,2541.07963298503,181.95716593372094,24.294628599433967
2018-05-09 00:00:39,1.4551971326164874,2724.1114000895236,142.2277736190566,20.243800783793112
2018-05-10 00:01:33,1.605072463768116,3272.0942181187497,175.92759017446812,23.755108624098362
2018-05-11 00:03:07,1.4452554744525548,3440.8234732848264,141.3689040108,28.154126231346147
2018-05-12 00:00:46,1.4157706093189963,3323.0362995247674,177.0323968708,20.269249243859655
2018-05-13 00:04:42,1.4580152671755726,3247.871548158315,179.57254793560972,21.788611464363637
2018-05-14 00:01:46,1.3548387096774193,3728.995334237234,146.04971553886796,21.563336822857142
2018-05-15 00:02:48,1.3919413919413919,3539.1469687959875,136.25765897468088,20.946054806481477
2018-05-16 00:03:16,1.4760147601476015,3074.6852180126207,153.78435553916663,28.706504155932205
2018-05-17 00:01:30,1.449612403100775,2943.3828059600023,183.50928788714288,26.38732366618183
2018-05-18 00:00:25,2.130111524163569,3246.1670777467803,148.88889648365856,21.106244800370373
2018-05-19 00:00:10,1.6236162361623616,3162.9984654306218,164.80266914740739,29.95155678785714
2018-05-20 00:00:28,1.5019762845849802,3124.5498213522865,167.15097508111114,23.67221305836365
2018-05-21 00:01:50,1.4929577464788732,3344.612963870908,150.72798020142855,21.739604979491524
2018-05-22 00:02:39,1.4306569343065694,3649.671648754057,175.64446466340428,26.81079816561405
2018-05-23 00:01:00,1.537037037037037,3358.503954112692,177.08393845540002,20.288769002452824
2018-05-24 00:01:10,1.4411764705882353,3229.5783782461326,155.85873180673917,20.319363141379316
2018-05-25 00:00:45,1.5848375451263539,3244.291120157213,144.50504225179998,22.50822219177419
2018-05-26 00:01:30,1.5938697318007662,3240.523126160494,138.6714758097727,34.058849784181824
2018-05-27 00:03:19,1.444015444015444,3124.5557022197454,176.9220134208696,28.22431325036363
2018-05-28 00:01:51,1.46,3241.882835944038,156.70845734272729,24.2237772638
2018-05-29 00:00:46,1.4666666666666666,3081.664779968109,166.8616190568628,27.334091670181817
2018-05-30 00:01:05,1.4612546125461254,2921.337594686828,169.656421302449,22.202765013090904
2018-05-31 00:04:06,1.3897058823529411,2975.5336513535344,136.60020475777782,21.178361572166672
2018-06-01 00:02:00,1.5092936802973977,2750.3418659867652,173.99944964555556,32.12760004648148
2018-06-02 00:04:29,1.4054054054054055,2733.1957865125164,185.8137228525581,31.32934246175439
2018-06-03 00:06:03,1.4583333333333333,2733.889654966375,165.72176367850003,20.236375821886796
2018-06-04 00:00:26,1.424908424908425,2665.8467498696386,175.8244340293617,24.89095404316667
2018-06-05 00:01:21,1.4092526690391458,2995.450166685176,166.81161087462965,19.900002878070175
2018-06-06 00:01:10,1.4280442804428044,2953.1357039703594,144.14221603372553,19.728542766226408
2018-06-07 00:00:40,1.3402777777777777,2899.5404432677324,158.27761771962267,20.97973600650793
2018-06-08 00:01:19,1.3932584269662922,2855.6487208369085,167.51575982282603,20.392736139285716
2018-06-09 00:00:03,1.3908045977011494,2886.895686773226,163.98509052318184,20.62365631387097
2018-06-10 00:00:45,1.3992094861660078,2977.2789569375336,188.74419580978721,29.751391914615375
2018-06-11 00:03:51,1.4233576642335766,2709.168848437244,130.69352969919998,23.022130145789482
2018-06-12 00:03:27,1.4833948339483394,2693.717859840583,130.480325857907,20.722111720000004
2018-06-13 00:00:04,1.4598540145985401,2686.3426474001158,162.7881820704255,29.576197451578945
2018-06-14 00:03:12,1.4772727272727273,2779.4663275005996,171.863811115,30.88334507672727
2018-06-15 00:00:03,1.41635687732342,2691.354313647176,160.0170850809756,23.21315925379311
2018-06-16 00:00:07,1.3087719298245615,3007.5042305740935,162.13602762482145,25.923599015862077
2018-06-17 00:04:36,1.5056603773584907,3040.5535092062664,162.1551833035556,21.436833143709674
2018-06-18 00:00:43,1.3284132841328413,2984.9955946089767,138.83902408897958,19.39659996910715
2018-06-19 00:00:42,1.4092526690391458,3232.989934190171,131.0926060138095,26.32769555046875
2018-06-20 00:01:30,1.3956043956043955,2652.8396783591165,185.53768801659564,21.97062301892858
2018-06-21 00:05:13,1.3876811594202898,2980.865441286572,119.29167281953487,22.034760141803282
2018-06-22 00:01:11,1.286231884057971,2813.510270252184,169.13725439145833,25.895462663703707
2018-06-23 00:01:22,1.4072727272727272,2463.9478978378033,146.00310907208333,24.40188337277777
2018-06-24 00:02:14,1.3832116788321167,2543.8265219418704,154.9054410572549,22.177944553269235
2018-06-25 00:01:27,1.385185185185185,2301.3331477557317,174.7465221240909,20.89819147451613
2018-06-26 00:00:09,1.4095940959409594,2772.255476098714,145.91813218541665,22.586764306730775
2018-06-27 00:00:31,1.4,2691.4959653713863,133.83710897,21.305319128909098
2018-06-28 00:01:26,1.4080882352941178,2447.11438872686,111.0596152841667,18.250967947692306
2018-06-29 00:01:15,1.4551971326164874,2415.688772183928,103.35016278037038,19.20279125666667
2018-06-30 00:00:17,1.404669260700389,2607.6066545927324,113.23733548270833,18.593490447291668
2018-07-01 00:01:24,1.356,2498.4097646576874,128.3120375318604,22.888036048510635
2018-07-02 00:02:25,1.3814814814814815,3743.4636486979025,142.74101406333332,23.717969738421047
2018-07-03 00:00:15,1.599236641221374,2977.4633225845682,137.42025466130434,21.970285531111113
2018-07-04 00:03:24,1.2911877394636015,3076.588499958025,136.4894582866667,18.326435805185188
2018-07-05 00:00:00,1.2310469314079422,2838.488290441111,151.781710126087,19.550406927666664
2018-07-06 00:13:11,1.3074074074074074,2881.3154953486574,124.50648736586952,20.129187538500005
2018-07-07 00:03:31,1.305019305019305,2995.0077401110693,148.22593631249998,20.37924007767857
2018-07-08 00:00:30,1.352,2755.3116172575337,116.16956924477273,27.48952249673076
2018-07-09 00:00:50,1.2765151515151516,2781.6496171748477,164.1457782741667,28.7185729490566
2018-07-10 00:01:12,1.2932330827067668,2926.6254134532937,179.16676594093028,30.42006254785715
2018-07-11 00:00:44,1.323076923076923,2759.982937180511,140.5722918314,16.21732743132075
2018-07-12 00:00:03,1.332142857142857,2717.2956685554154,160.28748912134614,22.094464795833336
2018-07-13 00:00:11,1.2911877394636015,2836.008720842341,140.60305240727268,19.078800570677966
2018-07-14 00:00:09,1.2357142857142858,2533.9936529746024,140.46548220083335,25.869107344107146
2018-07-15 00:00:50,1.2284644194756553,2109.9679981049403,186.78928938021738,24.592829524905664
2018-07-16 00:01:43,1.285171102661597,2124.582532849191,262.92116736133335,16.6974773645
2018-07-17 00:00:27,1.3405797101449275,2140.561850360418,181.43017642125002,27.253760983666666
2018-07-18 00:03:13,1.338235294117647,2291.685036114411,169.03119803480004,30.085739934038454
2018-07-19 00:00:28,1.3308823529411764,2226.5409319483724,168.24552534276597,24.971282735283026
2018-07-20 00:03:57,1.2528735632183907,2579.793400885124,156.3297983347619,23.46432392035088
2018-07-21 00:05:22,1.2676579925650557,2696.4362102284235,135.6338258352083,36.16307333732142
2018-07-22 00:00:40,1.405109489051095,2674.7055725991713,150.10527585697673,25.526077319516133
2018-07-23 00:13:25,1.4197080291970803,2801.197679179882,172.0305540727659,24.396423604912272
2018-07-24 00:01:26,1.3272058823529411,2672.681151525183,158.13611308964286,30.121673043076928
2018-07-25 00:01:15,1.4357976653696498,2532.3136778300595,144.4510087432433,27.178834041296298
2018-07-26 00:00:04,1.2830188679245282,2749.7431746824277,197.75764510674415,24.493672552040817
2018-07-27 00:00:12,1.66147859922179,2233.004294333006,177.9880199274359,24.48018521236364
2018-07-28 00:01:49,1.610236220472441,1922.6430609267743,168.24475694295455,27.046875970000002
2018-07-29 00:00:20,1.6809338521400778,5108.69837517862,175.53488218959183,21.749878089821433
2018-07-30 00:00:20,1.4823529411764707,2126.049536965351,157.5782455548936,25.228231734117653
2018-07-31 00:02:12,1.4701492537313432,1606.0719908486826,168.42348288727274,27.13512312578948
2018-08-01 00:00:32,1.4327272727272726,1676.08036434297,143.60337710442312,20.271167022291664
2018-08-02 00:01:50,1.3835125448028673,1656.4086226497689,137.92331329918363,23.267875915263165
2018-08-03 00:00:33,1.5878136200716846,1677.504249595288,199.52963035549024,22.380630397037034
2018-08-04 00:00:11,1.4107142857142858,1749.7226494736672,170.82129635666666,27.609476137999987
2018-08-05 00:01:06,1.2883211678832116,1776.2611961372413,186.4850048802222,30.615705739636372
2018-08-06 00:01:42,1.3159851301115242,1485.7610189015966,123.29520180795916,22.60558098470589
2018-08-07 00:05:12,1.2857142857142858,1618.4624192954298,160.0171834578261,27.740826810769228
2018-08-08 00:00:37,1.3529411764705883,1571.3973117590965,156.86573707490197,30.46029632309091
2018-08-09 00:03:08,1.3370786516853932,1799.517354678441,166.54675487232555,23.834363363529416
2018-08-10 00:01:26,1.5724637681159421,1541.366528019708,206.53389109652178,25.05766712186441
2018-08-11 00:03:19,1.342756183745583,1734.9003700754022,151.23335407460002,26.131659952203393
2018-08-12 00:01:50,1.4179104477611941,1946.3981961792167,180.76390450466667,17.548739935964907
2018-08-13 00:02:51,1.4386617100371748,1742.703356747353,179.46234772560976,25.537210533620694
2018-08-14 00:09:43,1.4708171206225682,1699.133128671975,142.3922415588889,22.385182348199997
2018-08-15 00:00:09,1.358974358974359,1542.941613328994,157.07486037639998,29.72222556629629
2018-08-16 00:02:33,1.4244604316546763,1663.2197662247977,120.54341366039218,21.501403141296297
2018-08-17 00:10:31,1.4323308270676691,1746.370798043293,131.504131363,20.32496466625
2018-08-18 00:00:17,1.5580524344569289,1609.7870012634526,168.94834996934782,25.858368169811328
2018-08-19 00:01:27,1.4064748201438848,1774.2096245322816,134.0968056628,21.73245521578948
2018-08-20 00:00:28,1.4734982332155477,1835.0432697274707,158.60417250404254,23.407221681129034
2018-08-21 00:01:31,1.3686131386861313,1679.4233613771928,147.12992852265307,29.7968851298148
2018-08-22 00:04:12,1.2775800711743772,1618.927162567733,140.99481322037036,23.072476202727277
2018-08-23 00:00:17,1.2841726618705036,1671.1453260971848,193.2969393083333,22.010496263600004
2018-08-24 00:00:29,1.2852112676056338,1905.8887149862849,150.8963942667391,21.21828472254545
2018-08-25 00:00:49,1.203448275862069,2588.7962454442145,145.20120149622645,20.84832374084745
2018-08-26 00:13:56,1.1933085501858736,2701.4057728911234,111.76632140173915,24.237508137962955
2018-08-27 00:02:39,1.2177121771217712,2518.8343760974994,121.28836334979162,24.67460033072727
2018-08-28 00:03:04,1.2679245283018867,2435.693788911812,116.70037721066667,22.554254584897958
2018-08-29 00:00:35,1.2707581227436824,4014.82640535716,126.92022821717394,17.239781201818182
2018-08-30 00:03:02,1.3068181818181819,2467.593177966249,109.1434303025,19.55777469607143
2018-08-31 00:00:05,1.2857142857142858,1911.3704270256067,132.16444773688886,21.07050038690909
2018-09-01 00:00:34,1.4233576642335766,1693.0334632362944,101.14479661266667,20.042742467627114
2018-09-02 00:00:28,1.5,1761.2446359679755,134.4187515642,20.886731195769226
2018-09-03 00:02:28,1.4865900383141764,2193.745518823355,143.60079752717394,24.76223707722222
2018-09-04 00:01:57,1.3185185185185184,1933.7795161330532,116.19840325961538,23.38239034470588
2018-09-05 00:02:09,1.358695652173913,1920.4991822624565,149.73020931428573,16.859440280634917
2018-09-06 00:01:21,1.2956204379562044,1901.344063623314,144.19097045723402,20.133591457413793
2018-09-07 00:06:13,1.2463235294117647,1923.917304580813,158.37920818693874,23.83337256921568
2018-09-08 00:00:05,1.3860294117647058,1908.5165943537568,134.55596815,17.259927889830507
2018-09-09 00:02:52,1.275092936802974,2069.7800037659517,153.9983178865218,20.609024542181825
2018-09-10 00:00:05,1.2490974729241877,1986.6893744719648,148.51583900458334,16.500707293442616
2018-09-11 00:00:04,1.32,2026.204478235629,151.44816952653056,22.37478198084746
2018-09-12 00:01:10,1.361216730038023,1712.638371032048,154.38344215333333,18.403848343818176
2018-09-13 00:00:03,1.384313725490196,1886.0053661288478,106.68076985186048,17.549674429148933
2018-09-14 00:01:14,1.3660377358490565,1913.2983475468488,86.14531496219998,12.969408950999998
2018-09-15 00:03:02,1.3647058823529412,1859.3093992216059,108.22497048727273,15.629551025714285
2018-09-16 00:00:47,1.3255813953488371,1729.7080510139876,123.10956069390245,19.880912537288133
2018-09-17 00:01:34,1.2803030303030303,1666.3425974934748,161.17991212641024,20.176628689180326
2018-09-18 00:00:02,1.0977443609022557,1221.770428467608,188.1409629285714,32.16329793685185
2018-09-19 00:02:59,1.1904761904761905,1323.5399701045299,135.65242775825,18.134269348412708
2018-09-20 00:01:26,1.3308823529411764,1530.5532884546785,151.9901237734694,25.054386983846157
2018-09-21 00:00:09,1.3977272727272727,1552.8818785396813,164.36616738617022,22.95381902216667
2018-09-22 00:04:44,1.3386454183266931,1547.851599092671,104.93064686125,16.781160343333333
2018-09-23 00:00:05,1.373134328358209,1531.532381624097,126.96295147046511,25.260233275084744
2018-09-24 00:04:50,1.3726937269372694,1586.7570959275738,138.97437393723402,21.917855989818182
2018-09-25 00:00:49,1.3828996282527881,1846.94372710105,154.20352967755096,23.776179982241388
2018-09-26 00:00:42,1.377431906614786,1603.8900025208484,134.4455353794,40.90158090833333
2018-09-27 00:02:11,1.289855072463768,1519.1741372262652,145.55979293291668,20.432743828548393
2018-09-28 00:01:44,1.2344322344322345,1419.40128462506,165.74648277833333,20.0513827438983
2018-09-29 00:02:01,1.3846153846153846,1429.823054025371,194.12570571560977,29.459514347192982
2018-09-30 00:01:08,1.3157894736842106,1436.9739245691858,158.41111498594591,30.03706810877194
2018-10-01 00:00:24,1.2386363636363635,1494.7066432340487,137.11336156659573,0.024613301851851843
2018-10-02 00:00:24,1.3171641791044777,1555.3052283523812,137.8512252235556,0.020042205454545457
2018-10-03 00:06:57,1.288808664259928,1480.3100541434117,149.48229361249997,0.015135015373134332
2018-10-04 00:00:14,1.6433823529411764,1551.1028657336467,136.08500141653067,0.04234508
2018-10-05 00:00:01,1.2641509433962264,1561.6242004008025,114.25754570173916,0.10166434105263156
2018-10-06 00:00:55,1.2418772563176896,1693.9448551535718,127.26543266311111,0.12394313406249999
2018-10-07 00:00:23,1.2794117647058822,1821.0995050960123,89.18528502955557,0.17162847711864404
2018-10-08 00:00:39,1.3225806451612903,2474.465852839735,106.55955951333333,0.35703056937499994
2018-10-09 00:00:55,1.243445692883895,1593.1453567210906,107.20670525976747,0.3394140618644067
2018-10-10 00:00:16,1.3333333333333333,1703.1635851571168,107.23077529851061,0.43351506964912273
2018-10-11 00:00:00,1.2656826568265682,1746.8504649162276,69.78706324333334,0.3139029296226416
2018-10-12 00:03:28,1.369811320754717,1803.6138811384246,81.72427660523809,0.47651543206896546
2018-10-13 00:00:12,1.2209737827715357,1596.6387508662199,88.57437002285712,0.3786687067213117
2018-10-14 00:04:37,1.2894736842105263,1443.208167838962,90.93382104230767,0.46078380517241385
2018-10-15 00:05:10,1.2238805970149254,1346.2553351715526,96.33444766625,0.6315686211864407
2018-10-16 00:02:30,1.181132075471698,1398.7515213075642,78.88971584204084,0.6220913429999998
2018-10-17 00:01:59,1.2395437262357414,1354.0479872232283,88.06030775191486,0.5684572589655171
2018-10-18 00:00:17,1.2709923664122138,1326.6031365658332,87.29890636893616,0.7133316620338984
2018-10-19 00:07:28,1.167300380228137,1260.1305636877369,80.50742736644445,0.7757330669491526
2018-10-20 00:01:52,1.1526717557251909,1258.565092732346,109.78063714319148,0.8483818741509431
2018-10-21 00:05:23,1.2173913043478262,1272.7558790933144,76.08814972163266,0.7596958655172414
2018-10-22 00:06:34,1.1970260223048328,1309.7046125235543,110.3312317857143,0.6067572759016392
2018-10-23 00:07:02,1.1702898550724639,1435.2505477749696,96.29211371454547,0.7659928624999999
2018-10-24 00:01:10,1.1888888888888889,1417.993175485482,108.64620957148938,0.5930412082456139
2018-10-25 00:00:45,1.211111111111111,1396.0572509955057,109.93850341090908,0.6512448578947367
2018-10-26 00:03:59,1.1715328467153285,1356.9379376350594,99.37694917136363,0.6865948946774194
2018-10-27 00:00:10,1.2899628252788105,1348.7520075367486,122.14189776313728,0.6594327505454545
2018-10-28 00:03:35,1.2197802197802199,1275.249617757439,109.41759374538466,0.936755509649123
2018-10-29 00:00:17,1.1910112359550562,1264.3717440188673,72.74405415339623,0.791598938181818
2018-10-30 00:02:48,1.1567164179104477,1040.722993424791,110.57597570790698,1.3186501256896552
2018-10-31 00:04:51,1.1962962962962962,1143.2123902228577,98.23799420977777,0.8162950712280698
2018-11-01 00:00:36,1.247191011235955,1611.4735589275906,85.64635880083331,0.8613352209433964
2018-11-02 00:01:55,1.2392857142857143,1570.6738447817254,87.88871176020001,0.877600422419355
2018-11-03 00:07:18,1.2967032967032968,1549.2530601376352,105.68409590229167,0.7474747286666665
2018-11-04 00:00:14,1.2619926199261993,1460.0730893475445,89.30340743883721,0.6151792770491802
2018-11-05 00:02:07,1.1804511278195489,1370.865168547831,102.80306381604649,0.7373587533333331
2018-11-06 00:06:42,1.3702290076335877,1428.6340589219246,89.810392712,0.9513198980357144
2018-11-07 00:00:12,1.24,1391.5605401102373,96.5798827056,1.0748916261403507
2018-11-08 00:00:49,1.3031496062992125,1382.876997483183,145.0524934877143,0.991237936153846
2018-11-09 00:01:29,1.2820512820512822,1708.391108338957,110.88746344020412,1.0269082975409836
2018-11-10 00:01:36,1.2615384615384615,1349.6385959508534,98.81751049954546,1.0154467869230772
2018-11-11 00:07:34,1.211895910780669,1170.407270573171,73.37909568509805,1.136349812037037
2018-11-12 00:00:09,1.1868131868131868,1180.5960046774078,92.97455104859999,1.1241697088524594
2018-11-13 00:07:35,1.1927272727272726,1400.5286923893868,110.06797037617021,0.7593432140000002
2018-11-14 00:02:36,1.2509225092250922,1375.6419630424693,93.95418506553195,0.8548663924137931
2018-11-15 00:00:19,1.3524904214559388,1361.614233156835,101.48767026041666,1.0857025621818182
2018-11-16 00:01:24,1.2709923664122138,1133.634016124099,80.4452258035714,0.8816320542372881
2018-11-17 00:01:06,1.2234848484848484,1096.3669718248452,96.390671232,1.0043296060344828
2018-11-18 00:00:34,1.3056603773584905,1072.4283821200604,117.67669324410258,0.7434026618333334
2018-11-19 00:00:03,1.2348484848484849,1108.4890320953893,83.7711390566,1.1246956419999998
2018-11-20 00:04:11,1.2384615384615385,1007.5065982509035,76.03630115187501,0.7857339742105262
2018-11-21 00:08:07,1.2862745098039217,900.8457447031368,93.49636160895834,0.9116376335185188
2018-11-22 00:09:25,1.2145454545454546,961.487693367083,92.7794606912,0.689850506491228
2018-11-23 00:00:32,1.210727969348659,966.9922686083547,98.2598657204,0.8961757681132078
2018-11-24 00:00:22,1.241635687732342,971.9183745218781,97.32684883,0.826208542881356
2018-11-25 00:02:41,1.1854545454545455,883.6256330788693,102.27007370339997,0.8865865263157898
2018-11-26 00:01:36,1.297709923664122,880.7972881853985,97.5378594023913,0.9379604818867922
2018-11-27 00:00:02,1.3079710144927537,887.0343901560117,83.28340355775512,1.0936704370370374
2018-11-28 00:00:08,1.2217898832684826,794.8190042215626,114.22310801765957,0.9899040864000003
2018-11-29 00:09:28,1.1801470588235294,737.2196297250301,93.76597726577778,0.8932369754999999
2018-11-30 00:13:52,1.271062271062271,835.2697889518791,86.38429698659094,0.7894510546874998
2018-12-01 00:02:13,1.4280575539568345,880.826931401124,100.39314223869566,0.7814783747619047
2018-12-02 00:01:53,1.5305343511450382,933.6580502773618,113.11436360902442,1.0222415079310345
2018-12-03 00:03:17,1.2836363636363637,862.1105922592396,79.0152420087234,0.9635197257894735
2018-12-04 00:01:24,1.3060498220640568,1002.5420036050881,68.58224104415093,0.8744756449122806
2018-12-05 00:00:56,1.2619926199261993,916.862974363054,84.57095132104165,0.8823895673214287
2018-12-06 00:00:12,1.2472727272727273,1017.2161820016663,86.82424414342104,0.6754158212698411
2018-12-07 00:00:15,1.275,1184.8498511164073,67.5172251475,0.7989266932786885
2018-12-08 00:00:31,1.2454212454212454,1049.6971550414546,97.31712894521742,0.8709682281818184
2018-12-09 00:03:42,1.1865671641791045,1060.9869176263473,94.70677322520832,1.0060591973584905
2018-12-10 00:22:14,1.3098591549295775,885.4899340968644,79.71593896367348,0.5370591345454546
2018-12-11 00:00:36,1.278810408921933,877.6953600942765,99.53182359176469,0.653996576779661
2018-12-12 00:00:27,1.2573529411764706,891.1230020717087,67.5469656950909,0.6298284615254238
2018-12-13 00:00:05,1.260536398467433,891.3112749542405,83.80975609630431,0.6806317831578947
2018-12-14 00:02:15,1.3272058823529411,901.7444500007831,64.7647906226,0.937690639107143
2018-12-15 00:05:30,1.2210144927536233,772.1459710632549,77.983810298,0.9060666159649126
2018-12-16 00:01:34,1.1715328467153285,956.260451196705,62.69759197829787,0.8881225979629627
2018-12-17 00:04:55,1.225,747.616833586547,77.58444872340428,0.7449950612307692
2018-12-18 00:03:37,1.2169117647058822,717.2039108427907,95.08518620837208,1.1492761663157898
2018-12-19 00:00:22,1.3136531365313653,797.4059037090119,95.80139798051282,0.8164088733333332
2018-12-20 00:03:50,1.2753623188405796,895.4165750731739,79.8635065509091,0.8117153164615386
2018-12-21 00:09:14,1.197080291970803,784.8901003548502,66.49176739955556,1.0374962829032257
2018-12-22 00:00:53,1.2426470588235294,754.2748826838728,58.60842499704545,0.910683156181818
2018-12-23 00:00:50,1.3832116788321167,747.4259772783928,52.42317128297871,0.7112932972881354
2018-12-24 00:01:30,1.3065693430656935,751.5473440388273,82.42529981274511,0.7471328968852459
2018-12-25 00:00:11,1.3778625954198473,751.1821539324695,76.80129396474997,0.87359138
2018-12-26 00:01:06,1.3754385964912281,754.3728833049712,74.09633817559998,0.7926784174193549
2018-12-27 00:04:56,1.3430656934306568,719.8172893055029,71.09297002800001,0.8732089020000002
2018-12-28 00:00:25,1.397810218978102,743.3819972574851,78.70730303019998,0.7613896477192983
2018-12-29 00:01:41,1.3153846153846154,789.2758397164635,75.49925957,0.9436688482456136
2018-12-30 00:00:01,1.2915129151291513,805.1050284647341,81.72264740510639,0.6913424136363638
2018-12-31 00:00:56,1.244360902255639,766.533133089941,76.71089923923077,0.8891319089473684
2019-01-01 00:03:07,1.256317689530686,731.5503016494116,58.80593987660001,0.8182372726315793
2019-01-02 00:01:41,1.2607142857142857,760.2261322876399,78.39065192044445,0.9128374257894739
2019-01-03 00:00:20,1.2426470588235294,715.4647809096471,64.26336377711111,0.9969657747368419
2019-01-04 00:02:50,1.2704626334519573,901.5256603375568,82.7612831462,0.9975591527272729
2019-01-05 00:02:09,1.3210332103321034,819.2759247532942,73.40497490354167,1.2050917009433961
2019-01-06 00:01:06,1.281021897810219,750.3034669203508,81.38323520770834,1.072449944
2019-01-07 00:08:09,1.2450980392156863,814.295387695621,47.8164310032558,1.2449229713725494
2019-01-08 00:00:38,1.2703703703703704,774.5934999034121,66.94516762955554,1.000323033818182
2019-01-09 00:03:32,1.2958801498127341,622.8209796535498,63.10829837999999,1.610259883962264
